opp_id,account_id,account_name,segment,country,rep_name,manager_name,deal_type,pipeline_stage,forecast_category,created_date,close_date,age_days,amount_local,currency,amount_usd,win_probability,quarter,note,loss_reason
OPP-200325,ACC-4846,Solstice Industries,SMB,Singapore,Farah Aziz,Tom Baker,Add-on,Negotiation,Best Case,2026-08-19,2026-10-30,59,34858,SGD,25795.0,0.63,FY27 Q1,,
OPP-200460,ACC-7898,Meridian Energy,Acquisition,KR,Elena Marchetti,Aisha Khan,Pilot,Closed Lost,Budget/priority shift,2026-04-27,2026-08-27,173,9173973,KRW,6697.0,0.0,FY27 Q1,,Budget/priority shift
OPP-200312,ACC-6848,Aurora Media,SMB,SG,Farah Aziz,Tom Baker,Pilot,Closed Won,Commit,2026-07-27,2026-09-14,82,17711,SGD,13106.0,1.0,FY27 Q1,,
OPP-200377,ACC-8076,Copperline Industries,SMB,SG,Samuel Adeyemi,Tom Baker,Renewal,Negotiation,,2026-07-19,2026-09-09,52,23120,SGD,17109.0,0.54,FY27 Q1,,
OPP-200387,ACC-9166,Aurora Networks,Acquisition,KR,Min-Jun Park,Aisha Khan,New Business,Closed Won,Commit,2026-06-28,2026-08-21,111,26950685,KRW,19674.0,1.0,FY27 Q1,,
OPP-200369,ACC-7300,Nimbus Energy,SMB,Singapore,Samuel Adeyemi,Tom Baker,Renewal,Closed Won,Commit,2026-09-15,2026-10-16,32,12505,SGD,9254.0,1.0,FY27 Q1,,
OPP-200238,ACC-5221,Solstice Logistics,ENT,JP,Kenji Sato,Mei Lin,Pilot,Proposal,Commit,2026-09-02,2026-10-22,50,1828824,JPY,12436.0,0.56,FY27 Q1,,
OPP-200126,ACC-6091,Crestline Networks,ENT,AU,Ivy Chen,Priya Raman,Add-on,Proposal,,2026-09-21,2026-10-31,26,99153,AUD,65441.0,0.45,FY27 Q1,,
OPP-200486,ACC-4522,Meridian Health,SMB,NZ,Ruby Callaghan,Lucas Ferreira,Add-on,Closed Won,Commit,2026-05-16,2026-09-27,154,24547,NZD,14728.0,1.0,FY27 Q1,,
OPP-200130,ACC-5607,Sable Partners,ENT,AU,Ivy Chen,Priya Raman,Renewal,Proposal,Commit,2026-05-27,2026-08-22,143,146718,AUD,96834.0,0.61,FY27 Q1,,
OPP-200552,ACC-8531,Northwind Networks,SMB,NZ,Zara Iqbal,Lucas Ferreira,Add-on,Closed Won,Commit,2026-05-01,2026-08-04,95,12285,NZD,7371.0,1.0,FY27 Q1,,
OPP-200479,ACC-2205,Northwind Networks,Acquisition,KR,Bilal Rahman,Aisha Khan,Add-on,Qualification,Pipeline,2026-05-04,2026-08-11,166,76152055,KRW,55591.0,0.17,FY27 Q1,,
OPP-200267,ACC-4067,Redwood Labs,ENT,JP,Diego Moreno,Mei Lin,Renewal,Closed Won,Commit,2026-05-13,2026-09-12,157,12427059,JPY,84504.0,1.0,FY27 Q1,,
OPP-200139,ACC-6969,Crestline Logistics,ENT,AU,Rafael Dias,Priya Raman,New Business,Closed Won,Commit,2026-05-01,2026-08-25,116,73582,AUD,48564.0,1.0,FY27 Q1,,
OPP-200550,ACC-4901,Verdant Media,SMB,NZ,Zara Iqbal,Lucas Ferreira,New Business,Closed Won,Commit,2026-10-02,2026-10-16,14,19882,NZD,11929.0,1.0,FY27 Q1,,
OPP-200148,ACC-9616,Crestline Partners,ENT,AU,Rafael Dias,Priya Raman,Renewal,Proposal,Pipeline,2026-04-18,2026-09-29,182,54530,AUD,35990.0,0.31,FY27 Q1,,
OPP-200347,ACC-6505,Bluepeak Systems,SMB,SG,Nadia Haddad,Tom Baker,New Business,Closed Won,Commit,2026-07-18,2026-09-12,91,27166,SGD,20103.0,1.0,FY27 Q1,,
OPP-200152,ACC-7721,Northwind Media,ENT,AU,Hana Oyelaran,Priya Raman,Add-on,Closed Won,Commit,2026-04-24,2026-08-23,176,68548,AUD,45242.0,1.0,FY27 Q1,,
OPP-200384,ACC-4522,Meridian Health,Acquisition,KR,Min-Jun Park,Aisha Khan,New Business,Closed Won,Commit,2026-07-11,2026-08-07,98,19752055,KRW,14419.0,1.0,FY27 Q1,,
OPP-200249,ACC-4113,Aurora Logistics,ENT,JP,Kenji Sato,Mei Lin,Renewal,Proposal,Best Case,2026-08-03,2026-10-25,75,21763971,JPY,147995.0,0.47,FY27 Q1,,
OPP-200102,ACC-4129,Foundry Systems,ENT,AU,Noel Adeyemi,Priya Raman,New Business,Closed Won,Commit,2026-06-24,2026-09-21,89,35409,AUD,23370.0,1.0,FY27 Q1,,
OPP-200400,ACC-2292,Verdant Networks,Acquisition,KR,Clara Bianchi,Aisha Khan,New Business,Closed Won,Commit,2026-05-08,2026-08-08,162,12902740,KRW,9419.0,1.0,FY27 Q1,,
OPP-200195,ACC-5582,Orbital Partners,MME,IN,Sara Villanueva,Daniel Okafor,New Business,Proposal,Best Case,2026-04-17,2026-09-04,183,6159083,INR,73909.0,0.56,FY27 Q1,,
OPP-200216,ACC-9574,Quantia Systems,MME,IN,Leo Fischer,Daniel Okafor,Renewal,Prospecting,,2026-04-27,2026-08-01,96,1973417,INR,23681.0,0.2,FY27 Q1,,
OPP-200329,ACC-1805,Marlow Foods,SMB,SG,Farah Aziz,Tom Baker,New Business,Proposal,Pipeline,2026-08-04,2026-10-19,76,67778,SGD,50156.0,0.4,FY27 Q1,,
OPP-200199,ACC-2843,Kestrel Energy,MME,IN,Sara Villanueva,Daniel Okafor,New Business,Proposal,Commit,2026-08-02,2026-10-20,79,2799083,INR,33589.0,0.51,FY27 Q1,,
OPP-200261,ACC-9975,Nimbus Media,ENT,JP,Yuki Tanaka,Mei Lin,New Business,Proposal,,2026-03-18,2026-10-08,204,1012500,JPY,6885.0,0.31,FY27 Q1,,
OPP-200198,ACC-8324,Redwood Networks,MME,IN,Sara Villanueva,Daniel Okafor,Add-on,Negotiation,Commit,2026-06-27,2026-10-08,103,1635667,INR,19628.0,0.56,FY27 Q1,,
OPP-200391,ACC-8037,Crestline Energy,Acquisition,KR,Min-Jun Park,Aisha Khan,Add-on,Closed Lost,Timing - pushed out,2026-07-12,2026-08-03,22,35936986,KRW,26234.0,0.0,FY27 Q1,,
OPP-200497,ACC-1537,Solstice Labs,SMB,NZ,Ruby Callaghan,Lucas Ferreira,Add-on,Negotiation,Best Case,2026-08-11,2026-10-25,67,35215,NZD,21129.0,0.68,FY27 Q1,,
OPP-200454,ACC-9215,Meridian Systems,Acquisition,KR,Elena Marchetti,Aisha Khan,New Business,Closed Won,Commit,2026-08-17,2026-08-18,61,13073973,KRW,9544.0,1.0,FY27 Q1,,
OPP-200368,ACC-4242,Nimbus Foods,SMB,SG,Samuel Adeyemi,Tom Baker,New Business,Closed Won,Commit,2026-08-27,2026-10-14,51,8536,SGD,6317.0,1.0,FY27 Q1,,
OPP-200531,ACC-2555,Ironbark Logistics,SMB,NZ,Mia Thompson,Lucas Ferreira,New Business,Proposal,Omitted,2026-03-24,2026-08-08,207,41745,NZD,25047.0,0.5,FY27 Q1,,
OPP-200472,ACC-9909,Solstice Retail,Acquisition,KR,Bilal Rahman,Aisha Khan,New Business,Closed Won,Commit,2026-09-22,2026-09-27,5,9943836,KRW,7259.0,1.0,FY27 Q1,,
OPP-200107,ACC-1747,Lumen Logistics,ENT,AU,Noel Adeyemi,Priya Raman,New Business,Closed Won,Commit,2026-04-27,2026-09-29,155,62347,AUD,41149.0,1.0,FY27 Q1,,
OPP-200520,ACC-7979,Verdant Foods,SMB,NZ,Andre Silva,Lucas Ferreira,New Business,Negotiation,Pipeline,2026-08-13,2026-10-25,65,48803,NZD,29282.0,0.52,FY27 Q1,,
OPP-200372,ACC-8006,Quantia Industries,SMB,SG,Samuel Adeyemi,Tom Baker,New Business,Closed Lost,Price,2026-09-09,2026-09-25,38,12693,SGD,9393.0,0.0,FY27 Q1,,Price
OPP-200109,ACC-7542,Redwood Foods,ENT,AU,Noel Adeyemi,Priya Raman,New Business,Closed Lost,Timing - pushed out,2026-09-06,2026-09-07,41,52611,AUD,34723.0,0.0,FY27 Q1,,Timing - pushed out
OPP-200303,ACC-3591,Kestrel Media,SMB,SG,Wei Zhang,Tom Baker,New Business,Qualification,Pipeline,2026-08-10,2026-10-29,68,22655,SGD,16765.0,0.29,FY27 Q1,,
OPP-200270,ACC-3250,Redwood Labs,ENT,JP,Diego Moreno,Mei Lin,Renewal,Closed Won,Commit,2026-07-08,2026-09-23,101,6728382,JPY,45753.0,1.0,FY27 Q1,,
OPP-200264,ACC-1559,Verdant Foods,ENT,JP,Yuki Tanaka,Mei Lin,Renewal,Proposal,Commit,2026-09-25,2026-10-28,33,9201324,JPY,62569.0,0.4,FY27 Q1,,
OPP-200507,ACC-1813,Lumen Foods,SMB,NZ,Andre Silva,Lucas Ferreira,Renewal,Closed Won,Commit,2026-08-30,2026-09-28,48,13800,NZD,8280.0,1.0,FY27 Q1,,
OPP-200170,ACC-7550,Foundry Health,MME,IN,Arjun Mehta,Daniel Okafor,Renewal,Closed Won,Commit,2026-04-03,2026-08-17,136,1893167,INR,22718.0,1.0,FY27 Q1,,
OPP-200390,ACC-5601,Tidewater Systems,Acquisition,KR,Min-Jun Park,Aisha Khan,Renewal,Closed Lost,Non-renewal - no response,2026-05-11,2026-10-07,159,22753425,KRW,16610.0,0.0,FY27 Q1,,Non-renewal - no response
OPP-200330,ACC-3250,Redwood Labs,SMB,SG,Oliver Grant,Tom Baker,Pilot,Closed Won,Commit,2026-08-01,2026-10-02,62,20858,SGD,15435.0,1.0,FY27 Q1,,
OPP-200192,ACC-4011,Orbital Health,MME,IN,Sara Villanueva,Daniel Okafor,Renewal,Qualification,Pipeline,2026-08-10,2026-10-22,73,9201333,INR,110416.0,0.28,FY27 Q1,,
OPP-200204,ACC-4011,Orbital Health,MME,IN,Leo Fischer,Daniel Okafor,New Business,Closed Won,Commit,2026-04-20,2026-08-15,180,1082250,INR,12987.0,1.0,FY27 Q1,,
OPP-200101,ACC-5601,Tidewater Systems,ENT,AU,Noel Adeyemi,Priya Raman,New Business,Closed Won,Commit,2026-07-05,2026-10-15,104,77305,AUD,51021.0,1.0,FY27 Q1,,
OPP-200175,ACC-1408,Copperline Foods,MME,IN,Arjun Mehta,Daniel Okafor,New Business,Negotiation,Pipeline,2026-03-11,2026-09-22,220,1165083,INR,13981.0,0.67,FY27 Q1,,
OPP-200353,ACC-9707,Copperline Energy,SMB,SG,Nadia Haddad,Tom Baker,New Business,Proposal,Best Case,2026-10-04,2026-10-19,15,45251,SGD,33486.0,0.5,FY27 Q1,,
OPP-200375,ACC-3447,Marlow Bank,SMB,Singapore,Samuel Adeyemi,Tom Baker,New Business,Proposal,Pipeline,2026-05-13,2026-08-05,84,43616,SGD,32276.0,0.47,FY27 Q1,,
OPP-200557,ACC-4786,Kestrel Industries,SMB,NZ,Zara Iqbal,Lucas Ferreira,Renewal,Proposal,Commit,2026-09-08,2026-10-28,50,53692,NZD,32215.0,0.36,FY27 Q1,,
OPP-200554,ACC-7403,Quantia Partners,SMB,NZ,Zara Iqbal,Lucas Ferreira,Pilot,Closed Won,Commit,2026-06-08,2026-09-24,108,20992,NZD,12595.0,1.0,FY27 Q1,,
OPP-200492,ACC-4242,Nimbus Foods,SMB,NZ,Ruby Callaghan,Lucas Ferreira,New Business,Closed Lost,Price,2026-08-31,2026-09-29,47,24518,NZD,14711.0,0.0,FY27 Q1,,Price
OPP-200396,ACC-2552,Ironbark Retail,Acquisition,KR,Min-Jun Park,Aisha Khan,New Business,Qualification,Pipeline,2026-06-01,2026-10-04,125,26457534,KRW,19314.0,0.45,FY27 Q1,,
OPP-200131,ACC-2128,Aurora Bank,ENT,Australia,Ivy Chen,Priya Raman,New Business,Negotiation,Commit,2026-08-25,2026-10-20,53,131224,AUD,86608.0,0.49,FY27 Q1,,
OPP-200297,ACC-3887,Crestline Bank,SMB,SG,Wei Zhang,Tom Baker,Pilot,Closed Won,Commit,2026-05-08,2026-09-06,162,35736,SGD,26445.0,1.0,FY27 Q1,,
OPP-200446,ACC-7278,Solstice Health,Acquisition,KR,Ji-Woo Han,Aisha Khan,New Business,Qualification,Pipeline,2026-08-12,2026-10-30,66,15527397,KRW,11335.0,0.19,FY27 Q1,,
OPP-200248,ACC-6425,Orbital Networks,ENT,JP,Kenji Sato,Mei Lin,New Business,Negotiation,Commit,2026-07-21,2026-10-05,88,6750147,JPY,45901.0,0.62,FY27 Q1,,
OPP-200475,ACC-5601,Tidewater Systems,Acquisition,KR,Bilal Rahman,Aisha Khan,Renewal,Closed Won,Commit,2026-09-30,2026-10-03,17,21802740,KRW,15916.0,1.0,FY27 Q1,,
OPP-200111,ACC-9468,Halcyon Foods,ENT,AU,Noel Adeyemi,Priya Raman,New Business,Proposal,Omitted,2026-07-06,2026-08-19,44,164900,AUD,108834.0,0.56,FY27 Q1,,
OPP-200285,ACC-4831,Foundry Retail,ENT,JP,Amara Nwosu,Mei Lin,New Business,Closed Won,Commit,2026-04-14,2026-10-16,186,12099706,JPY,82278.0,1.0,FY27 Q1,,
OPP-200320,ACC-7197,Sable Systems,SMB,SG,Farah Aziz,Tom Baker,Pilot,Prospecting,Pipeline,2026-04-26,2026-08-26,174,21054,SGD,15580.0,0.24,FY27 Q1,,
OPP-200374,ACC-6830,Solstice Energy,SMB,SG,Samuel Adeyemi,Tom Baker,Renewal,Proposal,Commit,2026-08-12,2026-10-22,66,29818,SGD,22065.0,0.3,FY27 Q1,,
OPP-200518,ACC-1134,Aurora Labs,SMB,NZ,Andre Silva,Lucas Ferreira,New Business,Proposal,Pipeline,2026-08-24,2026-10-27,54,41178,NZD,24707.0,0.26,FY27 Q1,,
OPP-200134,ACC-8510,Quantia Health,ENT,AU,Rafael Dias,Priya Raman,New Business,Closed Won,Commit,2026-08-22,2026-08-25,3,31930,AUD,21074.0,1.0,FY27 Q1,,
OPP-200127,ACC-5478,Tidewater Labs,ENT,AU,Ivy Chen,Priya Raman,Add-on,Proposal,Pipeline,2026-03-27,2026-09-12,204,170664,AUD,112638.0,0.5,FY27 Q1,,
OPP-200403,ACC-4008,Sable Partners,Acquisition,KR,Clara Bianchi,Aisha Khan,Add-on,Closed Won,Commit,2026-06-30,2026-09-02,64,11494521,KRW,8391.0,1.0,FY27 Q1,,
OPP-200243,ACC-2095,Lumen Energy,ENT,JP,Kenji Sato,Mei Lin,New Business,Negotiation,Best Case,2026-09-29,2026-10-28,29,6436176,JPY,43766.0,0.8,FY27 Q1,,
OPP-200564,ACC-9058,Aurora Partners,SMB,NZ,Zara Iqbal,Lucas Ferreira,New Business,Proposal,Pipeline,2026-09-05,2026-10-21,46,50783,NZD,30470.0,0.58,FY27 Q1,,
OPP-200382,ACC-5786,Northwind Networks,SMB,SG,Samuel Adeyemi,Tom Baker,New Business,Qualification,Pipeline,2026-03-06,2026-08-01,225,16057,SGD,11882.0,0.17,FY27 Q1,,
OPP-200315,ACC-9524,Redwood Industries,SMB,SG,Farah Aziz,Tom Baker,New Business,Closed Won,Commit,2026-09-06,2026-10-01,25,30489,SGD,22562.0,1.0,FY27 Q1,,
OPP-200235,ACC-6650,Lumen Media,ENT,JP,Kenji Sato,Mei Lin,New Business,Closed Won,Commit,2026-07-26,2026-08-07,83,3886176,JPY,26426.0,1.0,FY27 Q1,,
OPP-200342,ACC-6095,Redwood Energy,SMB,SG,Oliver Grant,Tom Baker,Add-on,Negotiation,Pipeline,2026-09-16,2026-10-27,31,26393,SGD,19531.0,0.65,FY27 Q1,,
OPP-200284,ACC-7167,Redwood Bank,ENT,JP,Amara Nwosu,Mei Lin,Add-on,Closed Won,Commit,2026-06-24,2026-09-28,96,7992794,JPY,54351.0,1.0,FY27 Q1,,
OPP-200526,ACC-2784,Ironbark Industries,SMB,NZ,Mia Thompson,Lucas Ferreira,New Business,Closed Lost,Timing - pushed out,2026-03-09,2026-09-22,222,38392,NZD,23035.0,0.0,FY27 Q1,,Timing - pushed out
OPP-200546,ACC-6879,Lumen Networks,SMB,NZ,Hugo Marais,Lucas Ferreira,Add-on,Proposal,Commit,2026-09-10,2026-10-19,39,56058,NZD,56058.0,0.57,FY27 Q1,,
OPP-200242,ACC-3360,Quantia Labs,ENT,JP,Kenji Sato,Mei Lin,New Business,Negotiation,Commit,2026-08-20,2026-10-29,70,8372794,JPY,56935.0,0.68,FY27 Q1,,
OPP-200317,ACC-9065,Halcyon Energy,SMB,SG,Farah Aziz,Tom Baker,Add-on,Closed Lost,Price,2026-05-01,2026-09-26,148,13004,SGD,9623.0,0.0,FY27 Q1,,Price
OPP-200119,ACC-2040,Orbital Industries,ENT,AU,Ivy Chen,Priya Raman,Pilot,Closed Won,Commit,2026-07-31,2026-10-09,78,60248,AUD,39764.0,1.0,FY27 Q1,,
OPP-200153,ACC-8510,Quantia Health,ENT,AU,Hana Oyelaran,Priya Raman,New Business,Closed Won,Commit,2026-04-08,2026-09-14,192,25977,AUD,17145.0,1.0,FY27 Q1,,
OPP-200282,ACC-6879,Lumen Networks,ENT,JP,Amara Nwosu,Mei Lin,Renewal,Closed Won,Commit,2026-04-08,2026-08-12,192,3360294,JPY,22850.0,1.0,FY27 Q1,,
OPP-200394,ACC-5332,Foundry Bank,Acquisition,KR,Min-Jun Park,Aisha Khan,Pilot,Qualification,Omitted,2026-03-08,2026-10-09,223,29664384,KRW,21655.0,0.42,FY27 Q1,,
OPP-200227,ACC-7319,Foundry Networks,MME,IN,OPEN REQ (Grace Lim backfill pending),Daniel Okafor,Add-on,Proposal,Commit,2026-09-07,2026-10-20,40,3325083,INR,39901.0,0.38,FY27 Q1,,
OPP-200411,ACC-5586,Nimbus Systems,Acquisition,KR,Clara Bianchi,Aisha Khan,Add-on,Proposal,Pipeline,2026-07-22,2026-09-25,87,19157534,KRW,13985.0,0.46,FY27 Q1,,
OPP-200367,ACC-9084,Solstice Logistics,SMB,Singapore,Samuel Adeyemi,Tom Baker,Renewal,Closed Won,Commit,2026-04-28,2026-09-27,172,20797,SGD,15390.0,1.0,FY27 Q1,,
OPP-200299,ACC-1010,Northwind Retail,SMB,SG,Wei Zhang,Tom Baker,New Business,Closed Won,Commit,2026-05-09,2026-08-23,161,13031,SGD,9643.0,1.0,FY27 Q1,,
OPP-200144,ACC-4742,Crestline Logistics,ENT,AU,Rafael Dias,Priya Raman,Renewal,Qualification,Pipeline,2026-06-03,2026-10-15,136,166639,AUD,109982.0,0.2,FY27 Q1,,
OPP-200483,ACC-6303,Orbital Media,Acquisition,KR,Bilal Rahman,Aisha Khan,Add-on,Proposal,Omitted,2026-07-26,2026-09-02,38,44636986,KRW,32585.0,0.55,FY27 Q1,,
OPP-200339,ACC-5315,Bluepeak Foods,SMB,SG,Oliver Grant,Tom Baker,Add-on,Qualification,Pipeline,2026-09-09,2026-10-22,38,23677,SGD,17521.0,0.2,FY27 Q1,,
OPP-200417,ACC-7028,Crestline Systems,Acquisition,KR,Clara Bianchi,Aisha Khan,Renewal,Qualification,Best Case,2026-06-14,2026-09-29,125,13120548,KRW,9578.0,0.35,FY27 Q1,,
OPP-200103,ACC-8349,Ironbark Networks,ENT,AU,Noel Adeyemi,Priya Raman,Renewal,Closed Won,Commit,2026-08-28,2026-09-09,50,38961,AUD,25714.0,1.0,FY27 Q1,,
OPP-200255,ACC-3591,Kestrel Media,ENT,Japan,Yuki Tanaka,Mei Lin,Pilot,Closed Lost,Budget/priority shift,2026-07-13,2026-08-06,96,4569559,JPY,31073.0,0.0,FY27 Q1,,Budget/priority shift
OPP-200487,ACC-9432,Ironbark Labs,SMB,NZ,Ruby Callaghan,Lucas Ferreira,Renewal,Closed Won,Commit,2026-04-22,2026-08-07,178,11863,NZD,7118.0,1.0,FY27 Q1,,
OPP-200433,ACC-5601,Tidewater Systems,Acquisition,KR,Ji-Woo Han,Aisha Khan,Renewal,Closed Won,Commit,2026-08-15,2026-08-22,7,6626027,KRW,4837.0,1.0,FY27 Q1,,
OPP-200104,ACC-3774,Kestrel Health,ENT,AU,Noel Adeyemi,Priya Raman,Pilot,Closed Won,Commit,2026-09-06,2026-09-28,22,35138,AUD,23191.0,1.0,FY27 Q1,,
OPP-200206,ACC-3323,Foundry Energy,MME,IN,Leo Fischer,Daniel Okafor,New Business,Closed Won,Commit,2026-08-21,2026-10-03,57,1021833,INR,12262.0,1.0,FY27 Q1,,
OPP-200141,ACC-9707,Copperline Energy,ENT,AU,Rafael Dias,Priya Raman,Add-on,Closed Won,Commit,2026-04-24,2026-08-17,176,50176,AUD,33116.0,1.0,FY27 Q1,,
OPP-200553,ACC-2256,Solstice Logistics,SMB,NZ,Zara Iqbal,Lucas Ferreira,Pilot,Closed Won,Commit,2026-08-30,2026-09-26,48,27820,NZD,16692.0,1.0,FY27 Q1,,
OPP-200373,ACC-1924,Ironbark Foods,SMB,SG,Samuel Adeyemi,Tom Baker,Add-on,Qualification,Best Case,2026-03-07,2026-08-21,167,25130,SGD,18596.0,0.23,FY27 Q1,,
OPP-200362,ACC-5736,Crestline Foods,SMB,SG,Nadia Haddad,Tom Baker,Renewal,Negotiation,Pipeline,2026-04-13,2026-09-23,187,29222,SGD,21624.0,0.67,FY27 Q1,,
OPP-200273,ACC-1523,Nimbus Industries,ENT,JP,Diego Moreno,Mei Lin,Renewal,Proposal,Commit,2026-02-25,2026-08-19,175,5300588,JPY,36044.0,0.29,FY27 Q1,,
OPP-200117,ACC-6072,Bluepeak Health,ENT,AU,Noel Adeyemi,Priya Raman,Add-on,Proposal,,2026-03-25,2026-09-28,187,128192,AUD,84607.0,0.26,FY27 Q1,,
OPP-200318,ACC-5042,Tidewater Media,SMB,SG,Farah Aziz,Tom Baker,New Business,Negotiation,Commit,2026-04-05,2026-08-19,136,22420,SGD,16591.0,0.45,FY27 Q1,,
OPP-200453,ACC-2136,Quantia Bank,Acquisition,KR,Elena Marchetti,Aisha Khan,Renewal,Closed Won,Commit,2026-08-03,2026-10-15,73,17669863,KRW,12899.0,1.0,FY27 Q1,,
OPP-200163,ACC-3774,Kestrel Health,ENT,AU,Hana Oyelaran,Priya Raman,New Business,Qualification,Pipeline,2026-08-14,2026-10-27,74,86874,AUD,57337.0,0.28,FY27 Q1,,
OPP-200513,ACC-4750,Orbital Logistics,SMB,NZ,Andre Silva,Lucas Ferreira,Renewal,Proposal,Commit,2026-03-13,2026-10-06,218,34313,NZD,20588.0,0.53,FY27 Q1,,
OPP-200338,ACC-3250,Redwood Labs,SMB,SG,Oliver Grant,Tom Baker,New Business,Qualification,Pipeline,2026-08-15,2026-10-28,63,48585,SGD,35953.0,0.3,FY27 Q1,,
OPP-200224,ACC-7361,Halcyon Labs,MME,IN,OPEN REQ (Grace Lim backfill pending),Daniel Okafor,Renewal,Closed Won,Commit,2026-09-20,2026-09-27,27,2512667,INR,30152.0,1.0,FY27 Q1,,
OPP-200140,ACC-8016,Lumen Bank,ENT,AU,Rafael Dias,Priya Raman,Pilot,Closed Won,Commit,2026-05-17,2026-10-02,153,107405,AUD,70887.0,1.0,FY27 Q1,,
OPP-200151,ACC-7251,Kestrel Labs,ENT,AU,Rafael Dias,Priya Raman,New Business,Negotiation,Best Case,2026-07-07,2026-09-22,102,109400,AUD,72204.0,0.5,FY27 Q1,,
OPP-200363,ACC-8876,Copperline Logistics,SMB,SG,Nadia Haddad,Tom Baker,Add-on,Proposal,Commit,2026-07-17,2026-09-19,92,11342,SGD,8393.0,0.32,FY27 Q1,,
OPP-200336,ACC-8876,Copperline Logistics,SMB,SG,Oliver Grant,Tom Baker,Renewal,Closed Lost,Churned - to competitor,2026-09-24,2026-10-16,23,32839,SGD,24301.0,0.0,FY27 Q1,,Churned - to competitor
OPP-200210,ACC-4242,Nimbus Foods,MME,IN,Leo Fischer,Daniel Okafor,New Business,Proposal,,2026-04-20,2026-08-20,180,5652083,INR,67825.0,0.47,FY27 Q1,,
OPP-200110,ACC-3579,Ironbark Bank,ENT,AU,Noel Adeyemi,Priya Raman,New Business,Negotiation,,2026-06-10,2026-08-02,129,133611,AUD,88183.0,0.46,FY27 Q1,,
OPP-200366,ACC-7818,Crestline Retail,SMB,SG,Samuel Adeyemi,Tom Baker,New Business,Closed Won,Commit,2026-08-16,2026-09-14,62,21476,SGD,15892.0,1.0,FY27 Q1,,
OPP-200188,ACC-3378,Sable Foods,MME,IN,Sara Villanueva,Daniel Okafor,Pilot,Closed Won,Commit,2026-08-09,2026-08-18,69,2831667,INR,33980.0,1.0,FY27 Q1,,
OPP-200308,ACC-8122,Ironbark Media,SMB,SG,Wei Zhang,Tom Baker,New Business,Proposal,,2026-08-24,2026-10-25,54,21209,SGD,15695.0,0.51,FY27 Q1,,
OPP-200357,ACC-6091,Crestline Networks,SMB,SG,Nadia Haddad,Tom Baker,New Business,Qualification,Best Case,2026-09-22,2026-10-30,25,28645,SGD,21197.0,0.32,FY27 Q1,,
OPP-200222,ACC-2615,Sable Media,MME,IN,OPEN REQ (Nikhil Rao backfill pending),Daniel Okafor,New Business,Qualification,Pipeline,2026-08-05,2026-10-29,73,3037000,INR,36444.0,0.16,FY27 Q1,,
OPP-200478,ACC-7340,Sable Logistics,Acquisition,KR,Bilal Rahman,Aisha Khan,New Business,Proposal,Pipeline,2026-02-27,2026-08-29,232,12324658,KRW,8997.0,0.4,FY27 Q1,,
OPP-200415,ACC-9065,Halcyon Energy,Acquisition,KR,Clara Bianchi,Aisha Khan,Renewal,Proposal,Commit,2026-05-06,2026-10-10,164,11119178,KRW,8117.0,0.55,FY27 Q1,,
OPP-200524,ACC-9673,Copperline Bank,SMB,NZ,Mia Thompson,Lucas Ferreira,Renewal,Closed Won,Commit,2026-08-17,2026-09-02,16,23205,NZD,13923.0,1.0,FY27 Q1,,
OPP-200381,ACC-1523,Nimbus Industries,SMB,SG,Samuel Adeyemi,Tom Baker,New Business,Proposal,Best Case,2026-05-21,2026-10-04,149,30011,SGD,30011.0,0.5,FY27 Q1,,
OPP-200280,ACC-2156,Solstice Bank,ENT,JP,Diego Moreno,Mei Lin,Renewal,Proposal,Commit,2026-08-11,2026-10-22,72,9729265,JPY,66159.0,0.32,FY27 Q1,,
OPP-200120,ACC-4627,Ironbark Networks,ENT,AU,Ivy Chen,Priya Raman,Renewal,Closed Won,Commit,2026-04-18,2026-08-07,182,76883,AUD,50743.0,1.0,FY27 Q1,,
OPP-200246,ACC-6403,Verdant Logistics,ENT,JP,Kenji Sato,Mei Lin,New Business,Negotiation,Commit,2026-08-03,2026-10-30,75,7527206,JPY,51185.0,0.88,FY27 Q1,,
OPP-200244,ACC-1262,Nimbus Partners,ENT,JP,Kenji Sato,Mei Lin,New Business,Qualification,Pipeline,2026-10-03,2026-10-25,14,3874265,JPY,26345.0,0.22,FY27 Q1,,
OPP-200348,ACC-5110,Halcyon Media,SMB,Singapore,Nadia Haddad,Tom Baker,Renewal,Closed Won,Commit,2026-04-15,2026-08-23,185,10438,SGD,7724.0,1.0,FY27 Q1,,
OPP-200323,ACC-4739,Redwood Systems,SMB,SG,Farah Aziz,Tom Baker,Add-on,Qualification,Pipeline,2026-10-11,2026-10-26,15,32555,SGD,24091.0,0.19,FY27 Q1,,
OPP-200448,ACC-6954,Aurora Systems,Acquisition,KR,Ji-Woo Han,Aisha Khan,Renewal,Prospecting,Pipeline,2026-07-04,2026-08-23,50,33645205,KRW,24561.0,0.2,FY27 Q1,,
OPP-200397,ACC-6403,Verdant Logistics,Acquisition,KR,Min-Jun Park,Aisha Khan,New Business,Proposal,Best Case,2026-06-11,2026-08-23,73,56089041,KRW,40945.0,0.59,FY27 Q1,,
OPP-200337,ACC-2484,Bluepeak Partners,SMB,SG,Oliver Grant,Tom Baker,Add-on,Closed Lost,No decision / stalled,2026-08-24,2026-09-26,54,10251,SGD,7586.0,0.0,FY27 Q1,,No decision / stalled
OPP-200447,ACC-2689,Lumen Retail,Acquisition,KR,Ji-Woo Han,Aisha Khan,Renewal,Negotiation,Pipeline,2026-05-28,2026-09-18,113,12024658,KRW,8778.0,0.76,FY27 Q1,,
OPP-200484,ACC-8827,Foundry Energy,Acquisition,KR,Bilal Rahman,Aisha Khan,New Business,Negotiation,Best Case,2026-06-03,2026-09-04,136,31246575,KRW,22810.0,0.86,FY27 Q1,,
OPP-200158,ACC-2676,Aurora Networks,ENT,AU,Hana Oyelaran,Priya Raman,Renewal,Negotiation,Omitted,2026-05-29,2026-08-26,141,66776,AUD,44072.0,0.53,FY27 Q1,,
OPP-200444,ACC-2095,Lumen Energy,Acquisition,KR,Ji-Woo Han,Aisha Khan,New Business,Proposal,Best Case,2026-06-10,2026-10-14,126,24153425,KRW,17632.0,0.53,FY27 Q1,,
OPP-200505,ACC-4627,Ironbark Networks,SMB,NZ,Andre Silva,Lucas Ferreira,Add-on,Closed Won,Commit,2026-07-04,2026-10-16,105,30957,NZD,18574.0,1.0,FY27 Q1,,
OPP-200266,ACC-6830,Solstice Energy,ENT,Japan,Yuki Tanaka,Mei Lin,New Business,Negotiation,Pipeline,2026-05-24,2026-08-23,91,16735000,JPY,113798.0,0.73,FY27 Q1,,
OPP-200509,ACC-8876,Copperline Logistics,SMB,NZ,Andre Silva,Lucas Ferreira,Pilot,Closed Won,Commit,2026-04-18,2026-09-19,182,15090,NZD,9054.0,1.0,FY27 Q1,,
OPP-200451,ACC-7319,Foundry Networks,Acquisition,KR,Ji-Woo Han,Aisha Khan,Add-on,Negotiation,Pipeline,2026-04-16,2026-08-12,118,60356164,KRW,44060.0,0.67,FY27 Q1,,
OPP-200548,ACC-6714,Sable Industries,SMB,NZ,Hugo Marais,Lucas Ferreira,Add-on,Negotiation,Best Case,2026-10-07,2026-10-24,10,76485,NZD,45891.0,0.51,FY27 Q1,,
OPP-200326,ACC-1473,Bluepeak Retail,SMB,Singapore,Farah Aziz,Tom Baker,New Business,Qualification,Best Case,2026-09-26,2026-10-19,-1,13393,SGD,9911.0,0.4,FY27 Q1,,
OPP-200401,ACC-5341,Kestrel Foods,Acquisition,KR,Clara Bianchi,Aisha Khan,New Business,Closed Won,Commit,2026-08-24,2026-10-04,41,17019178,KRW,12424.0,1.0,FY27 Q1,,
OPP-200278,ACC-7818,Crestline Retail,ENT,Japan,Diego Moreno,Mei Lin,New Business,Proposal,Commit,2026-08-03,2026-10-30,75,15340588,JPY,104316.0,0.3,FY27 Q1,,
OPP-200439,ACC-8403,Lumen Labs,Acquisition,KR,Ji-Woo Han,Aisha Khan,New Business,Closed Won,Commit,2026-08-20,2026-09-16,27,10676712,KRW,7794.0,1.0,FY27 Q1,,
OPP-200241,ACC-2787,Copperline Networks,ENT,JP,Kenji Sato,Mei Lin,Renewal,Proposal,Pipeline,2026-08-27,2026-10-22,56,5186912,JPY,35271.0,0.47,FY27 Q1,,
OPP-200143,ACC-7842,Nimbus Labs,ENT,Australia,Rafael Dias,Priya Raman,New Business,Proposal,Best Case,2026-08-03,2026-10-21,79,83252,AUD,54946.0,0.43,FY27 Q1,,
OPP-200528,ACC-4211,Quantia Labs,SMB,NZ,Mia Thompson,Lucas Ferreira,New Business,Prospecting,Best Case,2026-08-22,2026-10-18,56,163633,NZD,98180.0,0.06,FY27 Q1,,
OPP-200298,ACC-8076,Copperline Industries,SMB,SG,Wei Zhang,Tom Baker,Renewal,Closed Won,Commit,2026-09-25,2026-09-27,2,27727,SGD,20518.0,1.0,FY27 Q1,,
OPP-200113,ACC-5911,Quantia Media,ENT,AU,Noel Adeyemi,Priya Raman,Add-on,Prospecting,Pipeline,2026-02-23,2026-10-15,236,107374,AUD,70867.0,0.13,FY27 Q1,,
OPP-200237,ACC-5276,Orbital Retail,ENT,JP,Kenji Sato,Mei Lin,New Business,Closed Lost,Budget/priority shift,2026-08-07,2026-08-16,9,9689118,JPY,65886.0,0.0,FY27 Q1,,
OPP-200289,ACC-6816,Quantia Networks,ENT,JP,Amara Nwosu,Mei Lin,Renewal,Qualification,Commit,2026-03-18,2026-08-14,149,1488971,JPY,10125.0,0.44,FY27 Q1,,
OPP-200197,ACC-8425,Ironbark Partners,MME,IN,Sara Villanueva,Daniel Okafor,New Business,Prospecting,Best Case,2026-08-27,2026-10-25,51,1239750,INR,14877.0,0.27,FY27 Q1,,
OPP-200229,ACC-7542,Redwood Foods,ENT,JP,Kenji Sato,Mei Lin,Add-on,Closed Won,Commit,2026-07-04,2026-10-11,105,2153676,JPY,14645.0,1.0,FY27 Q1,,
OPP-200228,ACC-5315,Bluepeak Foods,MME,IN,OPEN REQ (Grace Lim backfill pending),Daniel Okafor,Renewal,Proposal,Best Case,2026-09-06,2026-10-22,41,2313167,INR,27758.0,0.29,FY27 Q1,,
OPP-200503,ACC-7878,Northwind Foods,SMB,NZ,Ruby Callaghan,Lucas Ferreira,New Business,Negotiation,Pipeline,2026-09-14,2026-10-27,33,61428,NZD,36857.0,0.87,FY27 Q1,,
OPP-200506,ACC-1271,Aurora Networks,SMB,NZ,Andre Silva,Lucas Ferreira,Pilot,Closed Won,Commit,2026-07-15,2026-09-24,94,12483,NZD,7490.0,1.0,FY27 Q1,,
OPP-200258,ACC-1254,Kestrel Energy,ENT,JP,Yuki Tanaka,Mei Lin,Add-on,Qualification,Best Case,2026-08-21,2026-10-18,57,5479559,JPY,37261.0,0.38,FY27 Q1,,
OPP-200413,ACC-1911,Sable Labs,Acquisition,KR,Clara Bianchi,Aisha Khan,Add-on,Negotiation,Pipeline,2026-05-10,2026-09-08,160,22112329,KRW,16142.0,0.75,FY27 Q1,,
OPP-200355,ACC-4522,Meridian Health,SMB,SG,Nadia Haddad,Tom Baker,Pilot,Negotiation,Best Case,2026-10-06,2026-10-20,14,25451,SGD,18834.0,0.86,FY27 Q1,,
OPP-200331,ACC-9149,Aurora Energy,SMB,Singapore,Oliver Grant,Tom Baker,Renewal,Closed Won,Commit,2026-10-03,2026-10-12,9,12491,SGD,9243.0,1.0,FY27 Q1,,
OPP-200252,ACC-8704,Copperline Media,ENT,JP,Yuki Tanaka,Mei Lin,Pilot,Closed Won,Commit,2026-09-10,2026-10-02,22,2896471,JPY,19696.0,1.0,FY27 Q1,,
OPP-200349,ACC-1813,Lumen Foods,SMB,SG,Nadia Haddad,Tom Baker,Renewal,Closed Won,Commit,2026-10-01,2026-10-16,16,24399,SGD,18055.0,1.0,FY27 Q1,,
OPP-200142,ACC-1174,Foundry Health,ENT,AU,Rafael Dias,Priya Raman,New Business,Proposal,Pipeline,2026-05-21,2026-08-31,149,117020,AUD,77233.0,0.31,FY27 Q1,,
OPP-200414,ACC-1911,Sable Labs,Acquisition,KR,Clara Bianchi,Aisha Khan,Renewal,Negotiation,Commit,2026-06-20,2026-10-03,105,28035616,KRW,20466.0,0.61,FY27 Q1,,
OPP-200277,ACC-8110,Crestline Labs,ENT,Japan,Diego Moreno,Mei Lin,Renewal,Negotiation,Commit,2026-06-03,2026-09-03,92,13396176,JPY,91094.0,0.58,FY27 Q1,,
OPP-200328,ACC-8572,Halcyon Media,SMB,SG,Farah Aziz,Tom Baker,New Business,Proposal,Best Case,2026-04-16,2026-09-27,164,14622,SGD,10820.0,0.4,FY27 Q1,,
OPP-200410,ACC-7416,Quantia Retail,Acquisition,KR,Clara Bianchi,Aisha Khan,Pilot,Qualification,Pipeline,2026-08-14,2026-10-27,64,21190411,KRW,15469.0,0.4,FY27 Q1,,
OPP-200140,ACC-8016,Lumen Bank,ENT,AU,Rafael Dias,Priya Raman,Pilot,Closed Won,Commit,2026-05-17,2026-10-02,153,107405,AUD,70887.0,1.0,FY27 Q1,,
OPP-200398,ACC-9988,Aurora Media,Acquisition,KR,Min-Jun Park,Aisha Khan,Renewal,Negotiation,Best Case,2026-06-29,2026-08-02,110,36401370,KRW,26573.0,0.53,FY27 Q1,,
OPP-200437,ACC-5336,Nimbus Retail,Acquisition,KR,Ji-Woo Han,Aisha Khan,New Business,Closed Won,Commit,2026-05-07,2026-09-26,142,7517808,KRW,5488.0,1.0,FY27 Q1,,
OPP-200360,ACC-3165,Meridian Foods,SMB,Singapore,Nadia Haddad,Tom Baker,New Business,Proposal,Best Case,2026-07-21,2026-09-09,50,24939,SGD,18455.0,0.34,FY27 Q1,,
OPP-200118,ACC-2037,Tidewater Retail,ENT,AU,Noel Adeyemi,Priya Raman,New Business,Prospecting,Commit,2026-03-11,2026-08-18,220,286448,AUD,189056.0,0.24,FY27 Q1,,
OPP-200473,ACC-5112,Sable Logistics,Acquisition,KR,Bilal Rahman,Aisha Khan,Pilot,Closed Won,Commit,2026-07-01,2026-09-15,76,17586301,KRW,12838.0,1.0,FY27 Q1,,
OPP-200508,ACC-9819,Crestline Logistics,SMB,NZ,Andre Silva,Lucas Ferreira,Add-on,Closed Won,Commit,2026-08-14,2026-09-21,38,17072,NZD,10243.0,1.0,FY27 Q1,,
OPP-200542,ACC-2050,Halcyon Health,SMB,NZ,Hugo Marais,Lucas Ferreira,New Business,Qualification,Commit,2026-09-17,2026-10-22,30,40555,NZD,24333.0,0.35,FY27 Q1,,
OPP-200290,ACC-6586,Meridian Bank,ENT,JP,Amara Nwosu,Mei Lin,Renewal,Negotiation,Best Case,2026-04-02,2026-08-18,138,8436029,JPY,57365.0,0.46,FY27 Q1,,
OPP-200324,ACC-1798,Tidewater Partners,SMB,SG,Farah Aziz,Tom Baker,New Business,Proposal,,2026-08-19,2026-10-27,69,14112,SGD,10443.0,0.28,FY27 Q1,,
OPP-200157,ACC-5336,Nimbus Retail,ENT,AU,Hana Oyelaran,Priya Raman,Add-on,Qualification,Best Case,2026-09-14,2026-10-28,33,52011,AUD,34327.0,0.2,FY27 Q1,,
OPP-200223,ACC-6328,Marlow Logistics,MME,IN,OPEN REQ (Nikhil Rao backfill pending),Daniel Okafor,Renewal,Negotiation,Commit,2026-04-08,2026-08-05,192,2152167,INR,25826.0,0.59,FY27 Q1,,
OPP-200404,ACC-3165,Meridian Foods,Acquisition,KR,Clara Bianchi,Aisha Khan,Pilot,Closed Won,Commit,2026-07-16,2026-08-05,20,13731507,KRW,10024.0,1.0,FY27 Q1,,
OPP-200168,ACC-9468,Halcyon Foods,MME,IN,Arjun Mehta,Daniel Okafor,Renewal,Closed Won,Commit,2026-05-30,2026-09-09,140,5206333,INR,62476.0,1.0,FY27 Q1,,
OPP-200146,ACC-4290,Halcyon Health,ENT,AU,Rafael Dias,Priya Raman,Renewal,Negotiation,Pipeline,2026-03-05,2026-08-03,226,107159,AUD,70725.0,0.66,FY27 Q1,,
OPP-200274,ACC-5911,Quantia Media,ENT,JP,Diego Moreno,Mei Lin,New Business,Qualification,Pipeline,2026-04-17,2026-10-05,183,8579853,JPY,58343.0,0.24,FY27 Q1,,
OPP-200137,ACC-9361,Orbital Foods,ENT,AU,Rafael Dias,Priya Raman,Add-on,Closed Won,Commit,2026-09-21,2026-09-25,26,25647,AUD,16927.0,1.0,FY27 Q1,,
OPP-200476,ACC-8085,Northwind Bank,Acquisition,KR,Bilal Rahman,Aisha Khan,Pilot,Closed Lost,Lost to competitor,2026-08-31,2026-09-02,47,14775342,KRW,10786.0,0.0,FY27 Q1,,Lost to competitor
OPP-200481,ACC-7285,Redwood Networks,Acquisition,KR,Bilal Rahman,Aisha Khan,New Business,Negotiation,Best Case,2026-06-25,2026-10-13,114,29646575,KRW,21642.0,0.83,FY27 Q1,,
OPP-200345,ACC-3054,Meridian Logistics,SMB,SG,Oliver Grant,Tom Baker,Add-on,Qualification,Pipeline,2026-08-17,2026-10-30,61,147291,SGD,108995.0,0.21,FY27 Q1,,
OPP-200319,ACC-4108,Crestline Labs,SMB,SG,Farah Aziz,Tom Baker,New Business,Negotiation,Best Case,2026-08-26,2026-10-26,52,20909,SGD,15473.0,0.72,FY27 Q1,,
OPP-200269,ACC-7878,Northwind Foods,ENT,JP,Diego Moreno,Mei Lin,New Business,Closed Won,Commit,2026-08-16,2026-10-13,62,8336618,JPY,56689.0,1.0,FY27 Q1,,
OPP-200352,ACC-8704,Copperline Media,SMB,SG,Nadia Haddad,Tom Baker,Renewal,Qualification,Omitted,2026-07-26,2026-10-07,83,50838,SGD,37620.0,0.32,FY27 Q1,,
OPP-200560,ACC-4786,Kestrel Industries,SMB,NZ,Zara Iqbal,Lucas Ferreira,Add-on,Negotiation,Omitted,2026-08-21,2026-10-23,57,83032,NZD,83032.0,0.64,FY27 Q1,,
OPP-200344,ACC-4750,Orbital Logistics,SMB,Singapore,Oliver Grant,Tom Baker,New Business,Negotiation,Best Case,2026-04-12,2026-10-03,188,53485,SGD,39579.0,0.64,FY27 Q1,,
OPP-200260,ACC-3753,Quantia Industries,ENT,JP,Yuki Tanaka,Mei Lin,Renewal,Qualification,Commit,2026-05-07,2026-10-07,163,4965441,JPY,33765.0,0.28,FY27 Q1,,
OPP-200449,ACC-8934,Bluepeak Labs,Acquisition,KR,Ji-Woo Han,Aisha Khan,Add-on,Qualification,Best Case,2026-03-27,2026-08-30,204,37028767,KRW,27031.0,0.26,FY27 Q1,,
OPP-200468,ACC-6073,Orbital Energy,Acquisition,KR,Elena Marchetti,Aisha Khan,New Business,Proposal,Best Case,2026-04-20,2026-08-13,180,23197260,KRW,16934.0,0.59,FY27 Q1,,
OPP-200313,ACC-6328,Marlow Logistics,SMB,SG,Farah Aziz,Tom Baker,New Business,Closed Won,Commit,2026-06-28,2026-09-06,111,13423,SGD,9933.0,1.0,FY27 Q1,,
OPP-200523,ACC-7277,Lumen Industries,SMB,NZ,Mia Thompson,Lucas Ferreira,Renewal,Closed Won,Commit,2026-05-24,2026-09-10,109,16997,NZD,10198.0,1.0,FY27 Q1,,
OPP-200420,ACC-7554,Crestline Retail,Acquisition,KR,Tobias Lang,Aisha Khan,Pilot,Closed Won,Commit,2026-07-06,2026-08-23,48,35728767,KRW,26082.0,1.0,FY27 Q1,,
OPP-200361,ACC-3427,Quantia Foods,SMB,SG,Nadia Haddad,Tom Baker,Add-on,Proposal,Best Case,2026-08-19,2026-10-30,59,41105,SGD,30418.0,0.33,FY27 Q1,,
OPP-200416,ACC-2105,Meridian Industries,Acquisition,KR,Clara Bianchi,Aisha Khan,Renewal,Negotiation,Commit,2026-06-13,2026-10-15,124,25250685,KRW,18433.0,0.67,FY27 Q1,,
OPP-200482,ACC-9065,Halcyon Energy,Acquisition,KR,Bilal Rahman,Aisha Khan,Renewal,Proposal,,2026-06-10,2026-09-16,98,23364384,KRW,17056.0,0.36,FY27 Q1,,
OPP-200322,ACC-9957,Nimbus Logistics,SMB,Singapore,Farah Aziz,Tom Baker,Add-on,Negotiation,,2026-08-13,2026-10-19,65,35696,SGD,35696.0,0.48,FY27 Q1,,
OPP-200155,ACC-6679,Copperline Foods,ENT,AU,Hana Oyelaran,Priya Raman,New Business,Closed Won,Commit,2026-06-05,2026-09-15,134,117765,AUD,77725.0,1.0,FY27 Q1,,
OPP-200471,ACC-8076,Copperline Industries,Acquisition,KR,Bilal Rahman,Aisha Khan,New Business,Closed Won,Commit,2026-04-27,2026-08-09,104,27580822,KRW,20134.0,1.0,FY27 Q1,,
OPP-200406,ACC-8307,Foundry Industries,Acquisition,KR,Clara Bianchi,Aisha Khan,Add-on,Negotiation,Omitted,2026-06-12,2026-09-01,127,4595890,KRW,3355.0,0.71,FY27 Q1,,
OPP-200559,ACC-6879,Lumen Networks,SMB,NZ,Zara Iqbal,Lucas Ferreira,New Business,Proposal,Omitted,2026-10-07,2026-10-25,10,34545,NZD,20727.0,0.3,FY27 Q1,,
OPP-200268,ACC-1254,Kestrel Energy,ENT,JP,Diego Moreno,Mei Lin,New Business,Closed Won,Commit,2026-08-16,2026-10-02,62,4643971,JPY,31579.0,1.0,FY27 Q1,,
OPP-200135,ACC-1262,Nimbus Partners,ENT,AU,Rafael Dias,Priya Raman,Renewal,Closed Won,Commit,2026-06-14,2026-09-29,125,37079,AUD,24472.0,1.0,FY27 Q1,,
OPP-200310,ACC-9882,Copperline Bank,SMB,SG,Farah Aziz,Tom Baker,New Business,Closed Won,Commit,2026-08-03,2026-09-16,75,14347,SGD,10617.0,1.0,FY27 Q1,,
OPP-200171,ACC-8510,Quantia Health,MME,IN,Arjun Mehta,Daniel Okafor,Pilot,Closed Won,Commit,2026-04-17,2026-08-17,122,1627667,INR,19532.0,1.0,FY27 Q1,,
OPP-200286,ACC-2602,Copperline Health,ENT,JP,Amara Nwosu,Mei Lin,New Business,Qualification,Pipeline,2026-08-09,2026-10-22,74,10482794,JPY,71283.0,0.42,FY27 Q1,,
OPP-200196,ACC-7713,Orbital Logistics,MME,IN,Sara Villanueva,Daniel Okafor,Add-on,Qualification,Pipeline,2026-09-12,2026-10-26,35,1048500,INR,12582.0,0.38,FY27 Q1,,
OPP-200334,ACC-7194,Crestline Media,SMB,Singapore,Oliver Grant,Tom Baker,Add-on,Closed Won,Commit,2026-04-07,2026-08-13,193,16607,SGD,12289.0,1.0,FY27 Q1,,
OPP-200232,ACC-3417,Crestline Industries,ENT,JP,Kenji Sato,Mei Lin,New Business,Closed Won,Commit,2026-08-09,2026-08-30,21,7618824,JPY,51808.0,1.0,FY27 Q1,,
OPP-200514,ACC-1044,Kestrel Media,SMB,NZ,Andre Silva,Lucas Ferreira,New Business,Qualification,Pipeline,2026-09-26,2026-10-21,25,55135,NZD,33081.0,0.31,FY27 Q1,,
OPP-200458,ACC-6060,Tidewater Energy,Acquisition,KR,Elena Marchetti,Aisha Khan,New Business,Closed Won,Commit,2026-04-24,2026-08-21,176,18524658,KRW,13523.0,1.0,FY27 Q1,,
OPP-200321,ACC-5508,Copperline Systems,SMB,Singapore,Farah Aziz,Tom Baker,Renewal,Qualification,Pipeline,2026-08-25,2026-10-20,56,54558,SGD,40373.0,0.27,FY27 Q1,,
OPP-200333,ACC-9044,Foundry Retail,SMB,Singapore,Oliver Grant,Tom Baker,New Business,Closed Won,Commit,2026-05-13,2026-09-26,157,15704,SGD,11621.0,1.0,FY27 Q1,,
OPP-200456,ACC-1556,Kestrel Labs,Acquisition,KR,Elena Marchetti,Aisha Khan,Pilot,Closed Won,Commit,2026-04-21,2026-09-24,179,10021918,KRW,7316.0,1.0,FY27 Q1,,
OPP-200262,ACC-1924,Ironbark Foods,ENT,JP,Yuki Tanaka,Mei Lin,New Business,Negotiation,Best Case,2026-08-26,2026-10-19,52,4270441,JPY,29039.0,0.65,FY27 Q1,,
OPP-200219,ACC-9882,Copperline Bank,MME,IN,OPEN REQ (Nikhil Rao backfill pending),Daniel Okafor,Renewal,Closed Won,Commit,2026-05-30,2026-09-28,140,2437250,INR,29247.0,1.0,FY27 Q1,,
OPP-200105,ACC-6323,Lumen Networks,ENT,AU,Noel Adeyemi,Priya Raman,New Business,Closed Won,Commit,2026-07-15,2026-10-03,94,57570,AUD,37996.0,1.0,FY27 Q1,,
OPP-200340,ACC-6380,Halcyon Labs,SMB,SG,Oliver Grant,Tom Baker,New Business,Negotiation,Best Case,2026-06-16,2026-09-26,123,32412,SGD,23985.0,0.84,FY27 Q1,,
OPP-200302,ACC-6954,Aurora Systems,SMB,SG,Wei Zhang,Tom Baker,New Business,Closed Lost,Budget/priority shift,2026-07-22,2026-10-12,87,9277,SGD,6865.0,0.0,FY27 Q1,,Budget/priority shift
OPP-200522,ACC-3538,Bluepeak Foods,SMB,NZ,Mia Thompson,Lucas Ferreira,Pilot,Closed Won,Commit,2026-08-07,2026-10-06,71,16518,NZD,9911.0,1.0,FY27 Q1,,
OPP-200159,ACC-9219,Verdant Industries,ENT,AU,Hana Oyelaran,Priya Raman,Renewal,Qualification,Pipeline,2026-10-04,2026-10-22,18,155891,AUD,102888.0,0.38,FY27 Q1,,
OPP-200164,ACC-8042,Halcyon Labs,ENT,AU,Hana Oyelaran,Priya Raman,Pilot,Proposal,Commit,2026-08-15,2026-10-24,63,54750,AUD,36135.0,0.3,FY27 Q1,,
OPP-200305,ACC-4925,Copperline Logistics,SMB,SG,Wei Zhang,Tom Baker,New Business,Negotiation,Best Case,2026-04-15,2026-10-01,185,59080,SGD,43719.0,0.77,FY27 Q1,,
OPP-200217,ACC-3228,Halcyon Retail,MME,IN,Leo Fischer,Daniel Okafor,New Business,Negotiation,Best Case,2026-05-30,2026-08-06,68,1707083,INR,20485.0,0.69,FY27 Q1,,
OPP-200547,ACC-8016,Lumen Bank,SMB,NZ,Hugo Marais,Lucas Ferreira,Renewal,Qualification,Omitted,2026-08-14,2026-10-21,64,45962,NZD,27577.0,0.17,FY27 Q1,,
OPP-200536,ACC-9180,Foundry Energy,SMB,NZ,Hugo Marais,Lucas Ferreira,New Business,Closed Won,Commit,2026-06-22,2026-09-05,117,21813,NZD,13088.0,1.0,FY27 Q1,,
OPP-200214,ACC-4786,Kestrel Industries,MME,IN,Leo Fischer,Daniel Okafor,Add-on,Proposal,Best Case,2026-07-21,2026-10-07,78,2859583,INR,34315.0,0.46,FY27 Q1,,
OPP-200250,ACC-7849,Marlow Energy,ENT,JP,Yuki Tanaka,Mei Lin,Add-on,Closed Won,Commit,2026-05-13,2026-10-04,157,5224118,JPY,35524.0,1.0,FY27 Q1,,
OPP-200298,ACC-8076,Copperline Industries,SMB,SG,Wei Zhang,Tom Baker,Renewal,Closed Won,Commit,2026-09-25,2026-09-27,2,27727,SGD,20518.0,1.0,FY27 Q1,,
OPP-200457,ACC-2156,Solstice Bank,Acquisition,KR,Elena Marchetti,Aisha Khan,Add-on,Closed Won,Commit,2026-08-06,2026-09-13,38,10424658,KRW,7610.0,1.0,FY27 Q1,,
OPP-200341,ACC-8379,Verdant Energy,SMB,SG,Oliver Grant,Tom Baker,Renewal,Prospecting,Pipeline,2026-04-18,2026-09-04,182,29905,SGD,22130.0,0.09,FY27 Q1,,
OPP-200218,ACC-1523,Nimbus Industries,MME,IN,Leo Fischer,Daniel Okafor,Renewal,Qualification,,2026-03-17,2026-10-12,209,1124250,INR,13491.0,0.25,FY27 Q1,,
OPP-200465,ACC-8667,Sable Health,Acquisition,KR,Elena Marchetti,Aisha Khan,New Business,Proposal,Commit,2026-04-13,2026-09-15,187,25854795,KRW,18874.0,0.54,FY27 Q1,,
OPP-200519,ACC-9111,Foundry Networks,SMB,NZ,Andre Silva,Lucas Ferreira,New Business,Qualification,Pipeline,2026-10-09,2026-10-27,8,47258,NZD,28355.0,0.26,FY27 Q1,,
OPP-200521,ACC-5376,Marlow Networks,SMB,NZ,Mia Thompson,Lucas Ferreira,New Business,Closed Won,Commit,2026-06-16,2026-08-27,123,33235,NZD,19941.0,1.0,FY27 Q1,,
OPP-200504,ACC-6386,Ironbark Systems,SMB,NZ,Andre Silva,Lucas Ferreira,Add-on,Closed Won,Commit,2026-07-13,2026-08-13,96,7518,NZD,4511.0,1.0,FY27 Q1,,
OPP-200300,ACC-4108,Crestline Labs,SMB,SG,Wei Zhang,Tom Baker,Renewal,Closed Won,Commit,2026-07-27,2026-09-05,82,9658,SGD,7147.0,1.0,FY27 Q1,,
OPP-200108,ACC-6072,Bluepeak Health,ENT,Australia,Noel Adeyemi,Priya Raman,New Business,Closed Lost,Lost to competitor,2026-09-05,2026-09-11,42,105121,AUD,69380.0,0.0,FY27 Q1,,
OPP-200314,ACC-6714,Sable Industries,SMB,SG,Farah Aziz,Tom Baker,Renewal,Closed Won,Commit,2026-09-23,2026-09-25,24,14559,SGD,10774.0,1.0,FY27 Q1,,
OPP-200294,ACC-6670,Tidewater Networks,ENT,JP,Amara Nwosu,Mei Lin,New Business,Negotiation,Commit,2026-03-26,2026-08-03,205,6834706,JPY,46476.0,0.65,FY27 Q1,,
OPP-200150,ACC-2787,Copperline Networks,ENT,AU,Rafael Dias,Priya Raman,New Business,Proposal,Commit,2026-10-09,2026-10-27,18,198670,AUD,131122.0,0.4,FY27 Q1,,
OPP-200166,ACC-4284,Halcyon Networks,ENT,AU,Hana Oyelaran,Priya Raman,New Business,Negotiation,Commit,2026-02-14,2026-08-09,245,153100,AUD,101046.0,0.75,FY27 Q1,,
OPP-200421,ACC-1254,Kestrel Energy,Acquisition,KR,Tobias Lang,Aisha Khan,New Business,Closed Won,Commit,2026-06-11,2026-09-06,128,10428767,KRW,7613.0,1.0,FY27 Q1,,
OPP-200295,ACC-6873,Aurora Energy,ENT,Japan,Amara Nwosu,Mei Lin,Renewal,Negotiation,Commit,2026-10-09,2026-10-22,8,8256765,JPY,56146.0,0.62,FY27 Q1,,
OPP-200271,ACC-5317,Nimbus Networks,ENT,Japan,Diego Moreno,Mei Lin,Renewal,Closed Lost,Churned - product fit,2026-08-07,2026-08-27,71,10891324,JPY,74061.0,0.0,FY27 Q1,,Churned - product fit
OPP-200316,ACC-7251,Kestrel Labs,SMB,SG,Farah Aziz,Tom Baker,Renewal,Closed Lost,Churned - budget cut,2026-06-03,2026-08-18,76,18157,SGD,13436.0,0.0,FY27 Q1,,
OPP-200538,ACC-1128,Quantia Networks,SMB,NZ,Hugo Marais,Lucas Ferreira,Add-on,Closed Won,Commit,2026-08-09,2026-08-23,69,26288,NZD,15773.0,1.0,FY27 Q1,,
OPP-200145,ACC-6328,Marlow Logistics,ENT,AU,Rafael Dias,Priya Raman,Renewal,Qualification,Best Case,2026-07-28,2026-08-18,21,99652,AUD,65770.0,0.43,FY27 Q1,,
OPP-200209,ACC-3417,Crestline Industries,MME,IN,Leo Fischer,Daniel Okafor,Renewal,Proposal,Pipeline,2026-04-07,2026-08-03,193,1823583,INR,21883.0,0.59,FY27 Q1,,
OPP-200429,ACC-9909,Solstice Retail,Acquisition,KR,Tobias Lang,Aisha Khan,Add-on,Qualification,Best Case,2026-06-05,2026-09-11,134,15595890,KRW,11385.0,0.39,FY27 Q1,,
OPP-200149,ACC-3498,Kestrel Partners,ENT,AU,Rafael Dias,Priya Raman,New Business,Proposal,Commit,2026-06-21,2026-09-20,118,64892,AUD,64892.0,0.47,FY27 Q1,,
OPP-200498,ACC-6910,Northwind Industries,SMB,NZ,Ruby Callaghan,Lucas Ferreira,Pilot,Negotiation,Pipeline,2026-10-13,2026-10-23,4,13335,NZD,8001.0,0.8,FY27 Q1,,
OPP-200281,ACC-4129,Foundry Systems,ENT,JP,Diego Moreno,Mei Lin,Pilot,Proposal,Best Case,2026-07-08,2026-08-16,101,5248824,JPY,35692.0,0.59,FY27 Q1,,
OPP-200432,ACC-6328,Marlow Logistics,Acquisition,KR,Tobias Lang,Aisha Khan,Add-on,Qualification,Best Case,2026-06-21,2026-08-29,118,23312329,KRW,17018.0,0.41,FY27 Q1,,
OPP-200445,ACC-5569,Aurora Foods,Acquisition,KR,Ji-Woo Han,Aisha Khan,New Business,Qualification,Omitted,2026-05-09,2026-08-13,161,11536986,KRW,8422.0,0.36,FY27 Q1,,
OPP-200511,ACC-6954,Aurora Systems,SMB,NZ,Andre Silva,Lucas Ferreira,Add-on,Closed Lost,No decision / stalled,2026-05-17,2026-09-27,133,46047,NZD,27628.0,0.0,FY27 Q1,,No decision / stalled
OPP-200562,ACC-6091,Crestline Networks,SMB,NZ,Zara Iqbal,Lucas Ferreira,New Business,Negotiation,Omitted,2026-08-03,2026-10-27,75,27555,NZD,16533.0,0.5,FY27 Q1,,
OPP-200293,ACC-1473,Bluepeak Retail,ENT,JP,Amara Nwosu,Mei Lin,Renewal,Negotiation,Omitted,2026-05-27,2026-09-02,143,5472059,JPY,37210.0,0.6,FY27 Q1,,
OPP-200422,ACC-3423,Solstice Logistics,Acquisition,KR,Tobias Lang,Aisha Khan,Renewal,Closed Won,Commit,2026-05-22,2026-10-07,138,15205479,KRW,11100.0,1.0,FY27 Q1,,
OPP-200132,ACC-4766,Meridian Labs,ENT,AU,Ivy Chen,Priya Raman,Renewal,Qualification,Best Case,2026-07-27,2026-09-29,64,100136,AUD,66090.0,0.25,FY27 Q1,,
OPP-200236,ACC-9432,Ironbark Labs,ENT,JP,Kenji Sato,Mei Lin,New Business,Closed Won,Commit,2026-10-03,2026-10-07,14,5231912,JPY,35577.0,1.0,FY27 Q1,,
OPP-200125,ACC-2342,Ironbark Partners,ENT,AU,Ivy Chen,Priya Raman,New Business,Qualification,Best Case,2026-05-07,2026-09-27,163,133417,AUD,88055.0,0.27,FY27 Q1,,
OPP-200434,ACC-2748,Crestline Industries,Acquisition,KR,Ji-Woo Han,Aisha Khan,Add-on,Closed Won,Commit,2026-09-18,2026-10-03,29,22005479,KRW,16064.0,1.0,FY27 Q1,,
OPP-200311,ACC-9815,Kestrel Partners,SMB,SG,Farah Aziz,Tom Baker,Add-on,Closed Won,Commit,2026-05-25,2026-10-16,145,12181,SGD,9014.0,1.0,FY27 Q1,,
OPP-200485,ACC-8934,Bluepeak Labs,SMB,NZ,Ruby Callaghan,Lucas Ferreira,New Business,Closed Won,Commit,2026-07-02,2026-10-10,107,16652,NZD,9991.0,1.0,FY27 Q1,,
OPP-200425,ACC-4129,Foundry Systems,Acquisition,KR,Tobias Lang,Aisha Khan,Add-on,Proposal,Commit,2026-06-30,2026-08-05,109,18672603,KRW,13631.0,0.43,FY27 Q1,,
OPP-200438,ACC-3534,Redwood Partners,Acquisition,KR,Ji-Woo Han,Aisha Khan,New Business,Closed Won,Commit,2026-09-20,2026-10-03,27,8321918,KRW,6075.0,1.0,FY27 Q1,,
OPP-200512,ACC-8681,Marlow Labs,SMB,NZ,Andre Silva,Lucas Ferreira,New Business,Proposal,Best Case,2026-03-21,2026-09-21,210,55097,NZD,33058.0,0.43,FY27 Q1,,
OPP-200296,ACC-9065,Halcyon Energy,SMB,SG,Wei Zhang,Tom Baker,New Business,Closed Won,Commit,2026-06-28,2026-08-02,111,11665,SGD,8632.0,1.0,FY27 Q1,,
OPP-200563,ACC-4786,Northwind Retail,SMB,NZ,Zara Iqbal,Lucas Ferreira,New Business,Qualification,Best Case,2026-08-09,2026-10-28,-1,9650,NZD,5790.0,0.33,FY27 Q1,,
OPP-200549,ACC-4451,Tidewater Networks,SMB,NZ,Hugo Marais,Lucas Ferreira,New Business,Negotiation,Best Case,2026-03-11,2026-09-08,181,48383,NZD,29030.0,0.51,FY27 Q1,,
OPP-200405,ACC-1559,Verdant Foods,Acquisition,KR,Clara Bianchi,Aisha Khan,Renewal,Closed Lost,Churned - product fit,2026-05-31,2026-09-06,98,27758904,KRW,20264.0,0.0,FY27 Q1,,Churned - product fit
OPP-200226,ACC-2843,Kestrel Energy,MME,IN,OPEN REQ (Grace Lim backfill pending),Daniel Okafor,New Business,Negotiation,Best Case,2026-08-14,2026-10-24,71,5248417,INR,62981.0,0.48,FY27 Q1,,
OPP-200254,ACC-7315,Lumen Partners,ENT,JP,Yuki Tanaka,Mei Lin,Pilot,Closed Lost,No decision / stalled,2026-06-29,2026-10-04,97,9333529,JPY,63468.0,0.0,FY27 Q1,,No decision / stalled
OPP-200354,ACC-3754,Meridian Retail,SMB,SG,Nadia Haddad,Tom Baker,New Business,Proposal,Best Case,2026-10-03,2026-10-23,14,55016,SGD,40712.0,0.5,FY27 Q1,,
OPP-200495,ACC-6303,Orbital Media,SMB,NZ,Ruby Callaghan,Lucas Ferreira,Pilot,Proposal,Commit,2026-09-11,2026-10-28,36,38167,NZD,22900.0,0.35,FY27 Q1,,
OPP-200535,ACC-7713,Orbital Systems,SMB,NZ,Hugo Marais,Lucas Ferreira,Renewal,Closed Won,Commit,2026-04-11,2026-09-24,189,13795,NZD,8277.0,1.0,FY27 Q1,,
OPP-200407,ACC-1747,Redwood Media,Acquisition,KR,Clara Bianchi,Aisha Khan,New Business,Qualification,Pipeline,2026-04-17,2026-09-05,183,6845205,KRW,4997.0,0.38,FY27 Q1,,
OPP-200233,ACC-5123,Lumen Health,ENT,JP,Kenji Sato,Mei Lin,Renewal,Closed Won,Commit,2026-07-17,2026-09-18,63,2970441,JPY,20199.0,1.0,FY27 Q1,,
OPP-200161,ACC-2484,Bluepeak Partners,ENT,AU,Hana Oyelaran,Priya Raman,Pilot,Proposal,Commit,2026-07-19,2026-08-25,37,87211,AUD,57559.0,0.58,FY27 Q1,,
OPP-200431,ACC-1912,Aurora Retail,Acquisition,KR,Tobias Lang,Aisha Khan,Renewal,Proposal,Pipeline,2026-05-03,2026-10-10,167,32528767,KRW,23746.0,0.34,FY27 Q1,,
OPP-200182,ACC-8042,Halcyon Labs,MME,IN,Arjun Mehta,Daniel Okafor,New Business,Prospecting,Pipeline,2026-02-24,2026-10-13,231,1840917,INR,22091.0,0.2,FY27 Q1,,
OPP-200129,ACC-7867,Aurora Systems,ENT,AU,Ivy Chen,Priya Raman,New Business,Proposal,Pipeline,2026-08-01,2026-10-23,77,146171,AUD,96473.0,0.35,FY27 Q1,,
OPP-200189,ACC-9819,Crestline Logistics,MME,IN,Sara Villanueva,Daniel Okafor,Renewal,Closed Won,Commit,2026-04-24,2026-08-25,176,2566250,INR,30795.0,1.0,FY27 Q1,,
OPP-200172,ACC-3671,Northwind Logistics,MME,IN,Arjun Mehta,Daniel Okafor,Add-on,Closed Lost,Price,2026-07-22,2026-08-20,87,2443667,INR,29324.0,0.0,FY27 Q1,,Price
OPP-200183,ACC-2787,Copperline Networks,MME,IN,Arjun Mehta,Daniel Okafor,New Business,Proposal,Commit,2026-08-13,2026-10-26,74,1453833,INR,17446.0,0.56,FY27 Q1,,
OPP-200211,ACC-7194,Crestline Media,MME,IN,Leo Fischer,Daniel Okafor,New Business,Negotiation,Best Case,2026-04-05,2026-09-19,167,1627583,INR,19531.0,0.88,FY27 Q1,,
OPP-200491,ACC-1473,Bluepeak Retail,SMB,NZ,Ruby Callaghan,Lucas Ferreira,Add-on,Closed Won,Commit,2026-06-03,2026-08-07,65,19207,NZD,11524.0,1.0,FY27 Q1,,
OPP-200412,ACC-1574,Kestrel Retail,Acquisition,KR,Clara Bianchi,Aisha Khan,Renewal,Proposal,Omitted,2026-02-27,2026-09-13,232,8506849,KRW,6210.0,0.59,FY27 Q1,,
OPP-200466,ACC-6879,Lumen Networks,Acquisition,KR,Elena Marchetti,Aisha Khan,New Business,Qualification,Omitted,2026-06-18,2026-09-16,121,7965753,KRW,5815.0,0.42,FY27 Q1,,
OPP-200359,ACC-2713,Orbital Retail,SMB,SG,Nadia Haddad,Tom Baker,New Business,Qualification,Omitted,2026-09-13,2026-10-26,43,27362,SGD,20248.0,0.21,FY27 Q1,,
OPP-200537,ACC-7285,Redwood Networks,SMB,NZ,Hugo Marais,Lucas Ferreira,New Business,Closed Won,Commit,2026-06-08,2026-08-28,131,26730,NZD,16038.0,1.0,FY27 Q1,,
OPP-200220,ACC-1262,Nimbus Partners,MME,IN,OPEN REQ (Nikhil Rao backfill pending),Daniel Okafor,Renewal,Closed Won,Commit,2026-04-30,2026-10-08,170,2492583,INR,29911.0,1.0,FY27 Q1,,
OPP-200162,ACC-6111,Marlow Energy,ENT,AU,Hana Oyelaran,Priya Raman,Pilot,Negotiation,Pipeline,2026-09-14,2026-10-26,33,53450,AUD,35277.0,0.79,FY27 Q1,,
OPP-200156,ACC-5059,Orbital Bank,ENT,AU,Hana Oyelaran,Priya Raman,Add-on,Prospecting,Commit,2026-08-29,2026-10-26,58,37162,AUD,24527.0,0.2,FY27 Q1,,
OPP-200259,ACC-3270,Tidewater Networks,ENT,JP,Yuki Tanaka,Mei Lin,Add-on,Prospecting,Pipeline,2026-09-21,2026-10-28,26,8074559,JPY,54907.0,0.26,FY27 Q1,,
OPP-200186,ACC-9775,Solstice Foods,MME,IN,Sara Villanueva,Daniel Okafor,New Business,Closed Won,Commit,2026-09-29,2026-09-30,1,4600667,INR,55208.0,1.0,FY27 Q1,,
OPP-200213,ACC-6060,Tidewater Energy,MME,IN,Leo Fischer,Daniel Okafor,New Business,Negotiation,Commit,2026-06-07,2026-09-05,90,3682500,INR,44190.0,0.73,FY27 Q1,,
OPP-200123,ACC-7842,Nimbus Labs,ENT,AU,Ivy Chen,Priya Raman,Add-on,Closed Won,Commit,2026-08-30,2026-09-28,48,106635,AUD,70379.0,1.0,FY27 Q1,,
OPP-200184,ACC-5315,Bluepeak Foods,MME,IN,Arjun Mehta,Daniel Okafor,New Business,Negotiation,Commit,2026-03-16,2026-10-13,215,4067000,INR,48804.0,0.76,FY27 Q1,,
OPP-200467,ACC-2689,Lumen Retail,Acquisition,KR,Elena Marchetti,Aisha Khan,New Business,Proposal,Best Case,2026-07-09,2026-08-11,33,16858904,KRW,12307.0,0.4,FY27 Q1,,
OPP-200517,ACC-1537,Solstice Labs,SMB,NZ,Andre Silva,Lucas Ferreira,New Business,Negotiation,Pipeline,2026-08-30,2026-10-26,48,26645,NZD,15987.0,0.87,FY27 Q1,,
OPP-200191,ACC-3753,Quantia Industries,MME,IN,Sara Villanueva,Daniel Okafor,New Business,Proposal,,2026-10-04,2026-10-30,26,3554833,INR,42658.0,0.36,FY27 Q1,,
OPP-200441,ACC-6578,Northwind Health,Acquisition,KR,Ji-Woo Han,Aisha Khan,Pilot,Closed Lost,Price,2026-03-19,2026-10-12,212,15024658,KRW,10968.0,0.0,FY27 Q1,,Price
OPP-200428,ACC-4766,Meridian Labs,Acquisition,KR,Tobias Lang,Aisha Khan,Add-on,Qualification,Pipeline,2026-03-06,2026-09-02,225,12702740,KRW,9273.0,0.33,FY27 Q1,,
OPP-200402,ACC-6714,Sable Industries,Acquisition,KR,Clara Bianchi,Aisha Khan,New Business,Closed Won,Commit,2026-07-10,2026-08-18,39,16523288,KRW,12062.0,1.0,FY27 Q1,,
OPP-200263,ACC-4784,Foundry Media,ENT,JP,Yuki Tanaka,Mei Lin,Renewal,Proposal,Commit,2026-08-28,2026-10-19,50,5747353,JPY,39082.0,0.39,FY27 Q1,,
OPP-200358,ACC-7027,Tidewater Labs,SMB,SG,Nadia Haddad,Tom Baker,New Business,Proposal,Commit,2026-04-20,2026-09-06,180,15755,SGD,11659.0,0.26,FY27 Q1,,
OPP-200301,ACC-4129,Foundry Systems,SMB,SG,Wei Zhang,Tom Baker,Renewal,Closed Won,Commit,2026-05-11,2026-08-21,159,17786,SGD,13162.0,1.0,FY27 Q1,,
OPP-200527,ACC-1609,Quantia Logistics,SMB,NZ,Mia Thompson,Lucas Ferreira,Renewal,Proposal,Commit,2026-05-01,2026-08-02,169,75332,NZD,45199.0,0.49,FY27 Q1,,
OPP-200480,ACC-2325,Foundry Systems,Acquisition,KR,Bilal Rahman,Aisha Khan,Renewal,Prospecting,Pipeline,2026-04-13,2026-09-23,187,37117808,KRW,27096.0,0.23,FY27 Q1,,
OPP-200419,ACC-7149,Bluepeak Networks,Acquisition,KR,Tobias Lang,Aisha Khan,Renewal,Closed Won,Commit,2026-06-16,2026-08-06,123,37105479,KRW,27087.0,1.0,FY27 Q1,,
OPP-200443,ACC-6374,Bluepeak Logistics,Acquisition,KR,Ji-Woo Han,Aisha Khan,New Business,Proposal,Commit,2026-05-13,2026-09-13,123,15893151,KRW,11602.0,0.27,FY27 Q1,,
OPP-200122,ACC-4113,Aurora Logistics,ENT,AU,Ivy Chen,Priya Raman,Renewal,Closed Won,Commit,2026-07-03,2026-08-12,40,71224,AUD,47008.0,1.0,FY27 Q1,,
OPP-200418,ACC-3783,Marlow Systems,Acquisition,KR,Tobias Lang,Aisha Khan,Pilot,Closed Won,Commit,2026-08-06,2026-09-08,72,10298630,KRW,7518.0,1.0,FY27 Q1,,
OPP-200272,ACC-5582,Orbital Partners,ENT,JP,Diego Moreno,Mei Lin,Pilot,Closed Lost,Budget/priority shift,2026-08-14,2026-08-19,64,10205735,JPY,69399.0,0.0,FY27 Q1,,Budget/priority shift
OPP-200251,ACC-8016,Lumen Bank,ENT,JP,Yuki Tanaka,Mei Lin,New Business,Closed Won,Commit,2026-05-27,2026-09-22,118,16903235,JPY,114942.0,1.0,FY27 Q1,,
OPP-200181,ACC-5712,Northwind Bank,MME,IN,Arjun Mehta,Daniel Okafor,New Business,Proposal,Best Case,2026-09-23,2026-10-24,31,1569000,INR,18828.0,0.37,FY27 Q1,,
OPP-200489,ACC-6330,Kestrel Networks,SMB,NZ,Ruby Callaghan,Lucas Ferreira,New Business,Closed Won,Commit,2026-08-15,2026-09-30,63,10912,NZD,6547.0,1.0,FY27 Q1,,
OPP-200179,ACC-7149,Bluepeak Networks,MME,IN,Arjun Mehta,Daniel Okafor,Pilot,Proposal,Pipeline,2026-10-02,2026-10-27,15,3519250,INR,42231.0,0.41,FY27 Q1,,
OPP-200350,ACC-8934,Bluepeak Labs,SMB,Singapore,Nadia Haddad,Tom Baker,Add-on,Closed Won,Commit,2026-08-29,2026-10-06,49,22186,SGD,16418.0,1.0,FY27 Q1,,
OPP-200452,ACC-7898,Meridian Energy,Acquisition,KR,Elena Marchetti,Aisha Khan,Add-on,Closed Won,Commit,2026-07-14,2026-09-17,95,11909589,KRW,8694.0,1.0,FY27 Q1,,
OPP-200128,ACC-1818,Kestrel Partners,ENT,AU,Ivy Chen,Priya Raman,Add-on,Qualification,Pipeline,2026-09-06,2026-10-24,41,188665,AUD,124519.0,0.31,FY27 Q1,,
OPP-200529,ACC-1044,Kestrel Media,SMB,NZ,Mia Thompson,Lucas Ferreira,New Business,Negotiation,,2026-06-18,2026-09-14,121,44003,NZD,26402.0,0.77,FY27 Q1,,
OPP-200388,ACC-3774,Kestrel Health,Acquisition,KR,Min-Jun Park,Aisha Khan,New Business,Closed Won,Commit,2026-09-06,2026-09-27,41,12265753,KRW,8954.0,1.0,FY27 Q1,,
OPP-200304,ACC-2784,Ironbark Industries,SMB,SG,Wei Zhang,Tom Baker,Renewal,Proposal,Pipeline,2026-07-26,2026-09-20,83,50820,SGD,37607.0,0.37,FY27 Q1,,
OPP-200477,ACC-8920,Lumen Systems,Acquisition,KR,Bilal Rahman,Aisha Khan,Renewal,Proposal,Pipeline,2026-06-06,2026-09-12,133,55271233,KRW,40348.0,0.29,FY27 Q1,,
OPP-200138,ACC-1076,Ironbark Foods,ENT,AU,Rafael Dias,Priya Raman,Add-on,Closed Won,Commit,2026-05-28,2026-09-01,142,33195,AUD,21909.0,1.0,FY27 Q1,,
OPP-200208,ACC-3140,Foundry Foods,MME,IN,Leo Fischer,Daniel Okafor,New Business,Prospecting,Pipeline,2026-03-13,2026-09-16,218,5198000,INR,62376.0,0.18,FY27 Q1,,
OPP-200231,ACC-5336,Nimbus Retail,ENT,JP,Kenji Sato,Mei Lin,Renewal,Closed Won,Commit,2026-09-15,2026-09-23,8,5933971,JPY,40351.0,1.0,FY27 Q1,,
OPP-200178,ACC-3378,Sable Foods,MME,IN,Arjun Mehta,Daniel Okafor,New Business,Proposal,Commit,2026-07-06,2026-08-03,28,3963250,INR,47559.0,0.58,FY27 Q1,,
OPP-200174,ACC-5376,Marlow Networks,MME,IN,Arjun Mehta,Daniel Okafor,New Business,Qualification,Best Case,2026-09-30,2026-10-21,17,2136583,INR,25639.0,0.44,FY27 Q1,,
OPP-200543,ACC-4677,Foundry Labs,SMB,NZ,Hugo Marais,Lucas Ferreira,New Business,Prospecting,Pipeline,2026-10-05,2026-10-26,21,41122,NZD,24673.0,0.08,FY27 Q1,,
OPP-200147,ACC-8572,Halcyon Media,ENT,AU,Rafael Dias,Priya Raman,New Business,Qualification,Pipeline,2026-04-05,2026-09-14,195,121238,AUD,80017.0,0.25,FY27 Q1,,
OPP-200245,ACC-1010,Northwind Retail,ENT,JP,Kenji Sato,Mei Lin,Renewal,Prospecting,Pipeline,2026-07-01,2026-09-27,108,4514118,JPY,30696.0,0.16,FY27 Q1,,
OPP-200561,ACC-5413,Quantia Logistics,SMB,NZ,Zara Iqbal,Lucas Ferreira,Pilot,Negotiation,Commit,2026-03-29,2026-09-21,202,40105,NZD,24063.0,0.73,FY27 Q1,,
OPP-200283,ACC-5701,Orbital Labs,ENT,JP,Amara Nwosu,Mei Lin,New Business,Closed Won,Commit,2026-06-06,2026-09-03,133,8696176,JPY,59134.0,1.0,FY27 Q1,,
OPP-200556,ACC-4071,Redwood Health,SMB,NZ,Zara Iqbal,Lucas Ferreira,Add-on,Closed Won,Commit,2026-06-04,2026-08-08,135,13013,NZD,7808.0,1.0,FY27 Q1,,
OPP-200133,ACC-1727,Verdant Media,ENT,AU,Ivy Chen,Priya Raman,Renewal,Negotiation,Commit,2026-07-07,2026-09-24,102,115374,AUD,76147.0,0.69,FY27 Q1,,
OPP-200423,ACC-4522,Meridian Health,Acquisition,KR,Tobias Lang,Aisha Khan,Renewal,Proposal,Pipeline,2026-06-04,2026-08-04,135,11708219,KRW,8547.0,0.51,FY27 Q1,,
OPP-200469,ACC-3296,Orbital Industries,Acquisition,KR,Elena Marchetti,Aisha Khan,Renewal,Proposal,Commit,2026-07-13,2026-08-21,96,37976712,KRW,27723.0,0.46,FY27 Q1,,
OPP-200279,ACC-2787,Copperline Networks,ENT,JP,Diego Moreno,Mei Lin,New Business,Negotiation,Commit,2026-03-27,2026-09-29,204,13511029,JPY,91875.0,0.6,FY27 Q1,,
OPP-200450,ACC-4350,Verdant Health,Acquisition,KR,Ji-Woo Han,Aisha Khan,Add-on,Proposal,Pipeline,2026-06-20,2026-08-09,50,27215068,KRW,19867.0,0.46,FY27 Q1,,
OPP-200203,ACC-1574,Kestrel Retail,MME,IN,Leo Fischer,Daniel Okafor,Renewal,Closed Won,Commit,2026-07-08,2026-09-18,72,1103083,INR,13237.0,1.0,FY27 Q1,,
OPP-200348,ACC-5110,Halcyon Media,SMB,Singapore,Nadia Haddad,Tom Baker,Renewal,Closed Won,Commit,2026-04-15,2026-08-23,185,10438,SGD,7724.0,1.0,FY27 Q1,,
OPP-200436,ACC-7167,Redwood Bank,Acquisition,KR,Ji-Woo Han,Aisha Khan,New Business,Closed Won,Commit,2026-05-31,2026-08-16,139,6253425,KRW,4565.0,1.0,FY27 Q1,,
OPP-200380,ACC-3887,Crestline Bank,SMB,SG,Samuel Adeyemi,Tom Baker,Pilot,Qualification,Commit,2026-08-30,2026-10-19,50,23322,SGD,23322.0,0.16,FY27 Q1,,
OPP-200124,ACC-3664,Northwind Foods,ENT,Australia,Ivy Chen,Priya Raman,Add-on,Closed Lost,Lost to competitor,2026-04-28,2026-08-20,172,45624,AUD,30112.0,0.0,FY27 Q1,,Lost to competitor
OPP-200177,ACC-3754,Meridian Retail,MME,IN,Arjun Mehta,Daniel Okafor,Renewal,Qualification,Best Case,2026-09-25,2026-10-29,22,4386250,INR,52635.0,0.19,FY27 Q1,,
OPP-200533,ACC-9149,Aurora Energy,SMB,NZ,Mia Thompson,Lucas Ferreira,Add-on,Proposal,,2026-10-02,2026-10-29,27,41263,NZD,24758.0,0.38,FY27 Q1,,
OPP-200187,ACC-2484,Bluepeak Partners,MME,IN,Sara Villanueva,Daniel Okafor,New Business,Closed Won,Commit,2026-08-08,2026-08-12,70,1260250,INR,15123.0,1.0,FY27 Q1,,
OPP-200332,ACC-4739,Redwood Systems,SMB,Singapore,Oliver Grant,Tom Baker,Add-on,Closed Won,Commit,2026-06-06,2026-09-07,133,19382,SGD,14343.0,1.0,FY27 Q1,,
OPP-200500,ACC-9819,Crestline Logistics,SMB,NZ,Ruby Callaghan,Lucas Ferreira,New Business,Proposal,Best Case,2026-09-26,2026-10-26,30,7537,NZD,4522.0,0.47,FY27 Q1,,
OPP-200515,ACC-4821,Ironbark Retail,SMB,NZ,Andre Silva,Lucas Ferreira,Renewal,Proposal,,2026-09-19,2026-10-28,28,41727,NZD,25036.0,0.58,FY27 Q1,,
OPP-200193,ACC-6696,Kestrel Retail,MME,IN,Sara Villanueva,Daniel Okafor,New Business,Proposal,Best Case,2026-07-09,2026-08-06,100,2318167,INR,27818.0,0.32,FY27 Q1,,
OPP-200106,ACC-9705,Foundry Partners,ENT,AU,Noel Adeyemi,Priya Raman,Add-on,Closed Won,Commit,2026-08-15,2026-08-29,14,43441,AUD,28671.0,1.0,FY27 Q1,,
OPP-200501,ACC-4267,Northwind Networks,SMB,NZ,Ruby Callaghan,Lucas Ferreira,New Business,Proposal,,2026-08-25,2026-10-20,56,12660,NZD,7596.0,0.41,FY27 Q1,,
OPP-200393,ACC-6396,Copperline Retail,Acquisition,KR,Min-Jun Park,Aisha Khan,New Business,Negotiation,Pipeline,2026-04-02,2026-10-04,198,15658904,KRW,11431.0,0.77,FY27 Q1,,
OPP-200558,ACC-8645,Bluepeak Industries,SMB,NZ,Zara Iqbal,Lucas Ferreira,New Business,Qualification,Pipeline,2026-05-18,2026-09-18,152,22688,NZD,13613.0,0.3,FY27 Q1,,
OPP-200173,ACC-1911,Sable Labs,MME,IN,Arjun Mehta,Daniel Okafor,Pilot,Closed Lost,Lost to competitor,2026-05-02,2026-10-09,160,2786083,INR,33433.0,0.0,FY27 Q1,,Lost to competitor
OPP-200541,ACC-2426,Orbital Labs,SMB,NZ,Hugo Marais,Lucas Ferreira,Renewal,Closed Lost,Churned - budget cut,2026-04-15,2026-08-25,132,45182,NZD,27109.0,0.0,FY27 Q1,,Churned - budget cut
OPP-200309,ACC-6073,Orbital Energy,SMB,SG,Wei Zhang,Tom Baker,Renewal,Qualification,Pipeline,2026-05-18,2026-10-05,152,69820,SGD,51667.0,0.42,FY27 Q1,,
OPP-200207,ACC-9524,Redwood Industries,MME,IN,Leo Fischer,Daniel Okafor,New Business,Proposal,Commit,2026-04-01,2026-09-24,176,3136500,INR,37638.0,0.45,FY27 Q1,,
OPP-200545,ACC-4508,Bluepeak Bank,SMB,NZ,Hugo Marais,Lucas Ferreira,Add-on,Qualification,Pipeline,2026-03-06,2026-08-09,156,78313,NZD,46988.0,0.27,FY27 Q1,,
OPP-200121,ACC-7149,Bluepeak Networks,ENT,AU,Ivy Chen,Priya Raman,Add-on,Closed Won,Commit,2026-08-11,2026-10-05,55,115420,AUD,76177.0,1.0,FY27 Q1,,
OPP-200136,ACC-1529,Meridian Partners,ENT,AU,Rafael Dias,Priya Raman,New Business,Closed Won,Commit,2026-08-05,2026-08-08,73,26138,AUD,17251.0,1.0,FY27 Q1,,
OPP-200530,ACC-3315,Ironbark Media,SMB,NZ,Mia Thompson,Lucas Ferreira,New Business,Qualification,Best Case,2026-08-05,2026-10-27,73,53658,NZD,32195.0,0.33,FY27 Q1,,
OPP-200230,ACC-1798,Tidewater Partners,ENT,JP,Kenji Sato,Mei Lin,New Business,Closed Won,Commit,2026-07-30,2026-10-11,79,3483824,JPY,23690.0,1.0,FY27 Q1,,
OPP-200461,ACC-5411,Redwood Industries,Acquisition,KR,Elena Marchetti,Aisha Khan,New Business,Negotiation,Commit,2026-05-22,2026-09-15,148,25910959,KRW,18915.0,0.83,FY27 Q1,,
OPP-200201,ACC-9819,Crestline Logistics,MME,IN,Leo Fischer,Daniel Okafor,New Business,Closed Won,Commit,2026-06-04,2026-09-05,135,1335083,INR,16021.0,1.0,FY27 Q1,,
OPP-200371,ACC-4011,Orbital Health,SMB,SG,Samuel Adeyemi,Tom Baker,Renewal,Closed Won,Commit,2026-04-20,2026-09-09,180,9019,SGD,6674.0,1.0,FY27 Q1,,
OPP-200459,ACC-1134,Aurora Labs,Acquisition,KR,Elena Marchetti,Aisha Khan,New Business,Closed Lost,Price,2026-08-21,2026-10-15,-1,17520548,KRW,12790.0,0.0,FY27 Q1,,
OPP-200474,ACC-4290,Halcyon Health,Acquisition,KR,Bilal Rahman,Aisha Khan,New Business,Closed Won,Commit,2026-10-04,2026-10-15,13,29279452,KRW,21374.0,1.0,FY27 Q1,,
OPP-200202,ACC-3210,Northwind Health,MME,IN,Leo Fischer,Daniel Okafor,New Business,Closed Won,Commit,2026-04-25,2026-10-03,175,1002500,INR,12030.0,1.0,FY27 Q1,,
OPP-200499,ACC-7898,Meridian Energy,SMB,NZ,Ruby Callaghan,Lucas Ferreira,Pilot,Proposal,Commit,2026-05-23,2026-08-18,87,40955,NZD,24573.0,0.38,FY27 Q1,,
OPP-200185,ACC-6650,Lumen Media,MME,IN,Arjun Mehta,Daniel Okafor,New Business,Proposal,Commit,2026-09-11,2026-10-22,36,2544167,INR,30530.0,0.48,FY27 Q1,,
OPP-200276,ACC-9075,Marlow Health,ENT,JP,Diego Moreno,Mei Lin,Add-on,Negotiation,Commit,2026-09-16,2026-10-20,31,10292794,JPY,69991.0,0.7,FY27 Q1,,
OPP-200544,ACC-5224,Tidewater Foods,SMB,NZ,Hugo Marais,Lucas Ferreira,Pilot,Proposal,Commit,2026-09-22,2026-10-23,25,31555,NZD,18933.0,0.54,FY27 Q1,,
OPP-200240,ACC-3178,Nimbus Bank,ENT,JP,Kenji Sato,Mei Lin,New Business,Negotiation,Omitted,2026-06-16,2026-08-11,123,5939853,JPY,40391.0,0.48,FY27 Q1,,
OPP-200435,ACC-7832,Redwood Health,Acquisition,KR,Ji-Woo Han,Aisha Khan,New Business,Closed Won,Commit,2026-08-02,2026-08-07,76,22383562,KRW,16340.0,1.0,FY27 Q1,,
OPP-200256,ACC-4129,Foundry Systems,ENT,JP,Yuki Tanaka,Mei Lin,Pilot,Negotiation,Pipeline,2026-08-11,2026-10-18,67,2868088,JPY,19503.0,0.5,FY27 Q1,,
OPP-200288,ACC-2753,Tidewater Logistics,ENT,Japan,Amara Nwosu,Mei Lin,New Business,Proposal,Commit,2026-09-12,2026-10-30,35,4788676,JPY,32563.0,0.36,FY27 Q1,,
OPP-200364,ACC-4129,Foundry Systems,SMB,SG,Samuel Adeyemi,Tom Baker,New Business,Closed Won,Commit,2026-07-30,2026-08-07,79,25255,SGD,18689.0,1.0,FY27 Q1,,
OPP-200180,ACC-1911,Sable Labs,MME,IN,Arjun Mehta,Daniel Okafor,New Business,Proposal,Commit,2026-09-24,2026-10-25,31,1065000,INR,12780.0,0.57,FY27 Q1,,
OPP-200205,ACC-4508,Bluepeak Bank,MME,IN,Leo Fischer,Daniel Okafor,New Business,Closed Won,Commit,2026-06-20,2026-09-13,119,2388833,INR,28666.0,1.0,FY27 Q1,,
OPP-200408,ACC-9819,Crestline Logistics,Acquisition,KR,Clara Bianchi,Aisha Khan,New Business,Proposal,Pipeline,2026-03-23,2026-10-13,208,19002740,KRW,13872.0,0.28,FY27 Q1,,
OPP-200440,ACC-6578,Solstice Labs,Acquisition,KR,Ji-Woo Han,Aisha Khan,Renewal,Closed Won,Commit,2026-08-22,2026-09-17,56,11738356,KRW,8569.0,1.0,FY27 Q1,,
OPP-200307,ACC-6954,Orbital Labs,SMB,SG,Wei Zhang,Tom Baker,Add-on,Proposal,Pipeline,2026-10-04,2026-10-23,13,46158,SGD,34157.0,0.52,FY27 Q1,,
OPP-200154,ACC-3754,Meridian Retail,ENT,AU,Hana Oyelaran,Priya Raman,New Business,Closed Won,Commit,2026-09-01,2026-10-12,41,144221,AUD,95186.0,1.0,FY27 Q1,,
OPP-200397,ACC-6403,Verdant Logistics,Acquisition,KR,Min-Jun Park,Aisha Khan,New Business,Proposal,Best Case,2026-06-11,2026-08-23,73,56089041,KRW,40945.0,0.59,FY27 Q1,,
OPP-200370,ACC-1747,Lumen Logistics,SMB,SG,Samuel Adeyemi,Tom Baker,Pilot,Closed Won,Commit,2026-08-08,2026-08-12,70,3582,SGD,2651.0,1.0,FY27 Q1,,
OPP-200470,ACC-9819,Crestline Logistics,Acquisition,KR,Elena Marchetti,Aisha Khan,Renewal,Proposal,Omitted,2026-06-08,2026-09-24,131,51741096,KRW,37771.0,0.42,FY27 Q1,,
OPP-200385,ACC-9882,Copperline Bank,Acquisition,KR,Min-Jun Park,Aisha Khan,Renewal,Closed Won,Commit,2026-06-08,2026-09-23,131,15034247,KRW,10975.0,1.0,FY27 Q1,,
OPP-200215,ACC-8085,Northwind Bank,MME,IN,Leo Fischer,Daniel Okafor,New Business,Proposal,Best Case,2026-09-09,2026-10-29,50,4039333,INR,48472.0,0.44,FY27 Q1,,
OPP-200389,ACC-5786,Northwind Networks,Acquisition,KR,Min-Jun Park,Aisha Khan,New Business,Closed Won,Commit,2026-07-11,2026-09-23,98,17453425,KRW,12741.0,1.0,FY27 Q1,,
OPP-200532,ACC-4103,Orbital Media,SMB,NZ,Mia Thompson,Lucas Ferreira,Renewal,Negotiation,Best Case,2026-03-24,2026-09-02,207,51870,NZD,31122.0,0.69,FY27 Q1,,
OPP-200496,ACC-8193,Sable Labs,SMB,NZ,Ruby Callaghan,Lucas Ferreira,New Business,Proposal,Commit,2026-10-10,2026-10-21,7,61255,NZD,36753.0,0.38,FY27 Q1,,
OPP-200395,ACC-4677,Foundry Labs,Acquisition,KR,Min-Jun Park,Aisha Khan,New Business,Qualification,Best Case,2026-04-23,2026-08-09,177,41360274,KRW,30193.0,0.27,FY27 Q1,,
OPP-200392,ACC-6095,Redwood Energy,Acquisition,KR,Min-Jun Park,Aisha Khan,Add-on,Proposal,Commit,2026-06-06,2026-10-04,133,24306849,KRW,17744.0,0.56,FY27 Q1,,
OPP-200383,ACC-3671,Northwind Logistics,SMB,Singapore,Samuel Adeyemi,Tom Baker,Add-on,Negotiation,Commit,2026-06-15,2026-09-17,124,58330,SGD,43164.0,0.71,FY27 Q1,,
OPP-200462,ACC-1587,Verdant Retail,Acquisition,KR,Elena Marchetti,Aisha Khan,Renewal,Qualification,Best Case,2026-06-12,2026-09-13,93,22591781,KRW,16492.0,0.41,FY27 Q1,,
OPP-200539,ACC-8785,Redwood Logistics,SMB,NZ,Hugo Marais,Lucas Ferreira,New Business,Closed Won,Commit,2026-07-01,2026-10-06,108,12525,NZD,7515.0,1.0,FY27 Q1,,
OPP-200292,ACC-3754,Meridian Retail,ENT,JP,Amara Nwosu,Mei Lin,New Business,Proposal,Omitted,2026-05-22,2026-08-18,148,12783971,JPY,86931.0,0.41,FY27 Q1,,
OPP-200200,ACC-7277,Lumen Industries,MME,IN,Leo Fischer,Daniel Okafor,Add-on,Closed Won,Commit,2026-10-01,2026-10-15,16,1637000,INR,19644.0,1.0,FY27 Q1,,
OPP-200409,ACC-7804,Sable Bank,Acquisition,KR,Clara Bianchi,Aisha Khan,New Business,Proposal,,2026-02-12,2026-10-16,247,21863014,KRW,15960.0,0.54,FY27 Q1,,
OPP-200424,ACC-5042,Tidewater Media,Acquisition,KR,Tobias Lang,Aisha Khan,Renewal,Negotiation,Omitted,2026-03-07,2026-10-04,224,13254795,KRW,9676.0,0.49,FY27 Q1,,
OPP-200190,ACC-5341,Kestrel Foods,MME,IN,Sara Villanueva,Daniel Okafor,Add-on,Negotiation,Omitted,2026-07-23,2026-08-30,86,2923083,INR,35077.0,0.77,FY27 Q1,,
OPP-200379,ACC-8122,Ironbark Media,SMB,SG,Samuel Adeyemi,Tom Baker,New Business,Prospecting,Pipeline,2026-04-24,2026-09-03,132,22555,SGD,16691.0,0.12,FY27 Q1,,
OPP-200386,ACC-1523,Nimbus Industries,Acquisition,KR,Min-Jun Park,Aisha Khan,Renewal,Closed Won,Commit,2026-07-15,2026-08-06,22,9220548,KRW,6731.0,1.0,FY27 Q1,,
OPP-200510,ACC-3534,Redwood Partners,SMB,NZ,Andre Silva,Lucas Ferreira,New Business,Closed Won,Commit,2026-06-16,2026-08-10,123,19068,NZD,11441.0,1.0,FY27 Q1,,
OPP-200455,ACC-7979,Verdant Foods,Acquisition,KR,Elena Marchetti,Aisha Khan,New Business,Closed Won,Commit,2026-08-10,2026-09-20,68,14086301,KRW,10283.0,1.0,FY27 Q1,,
OPP-200463,ACC-8844,Sable Media,Acquisition,KR,Elena Marchetti,Aisha Khan,Pilot,Proposal,Pipeline,2026-06-21,2026-09-20,118,22541096,KRW,16455.0,0.29,FY27 Q1,,
OPP-200112,ACC-1966,Foundry Logistics,ENT,AU,Noel Adeyemi,Priya Raman,New Business,Qualification,Pipeline,2026-07-21,2026-09-08,88,197529,AUD,130369.0,0.33,FY27 Q1,,
OPP-200378,ACC-9988,Aurora Media,SMB,SG,Samuel Adeyemi,Tom Baker,Renewal,Qualification,Best Case,2026-06-18,2026-08-27,121,32258,SGD,23871.0,0.25,FY27 Q1,,
OPP-200516,ACC-9327,Halcyon Industries,SMB,NZ,Andre Silva,Lucas Ferreira,Pilot,Qualification,,2026-05-06,2026-08-06,164,70003,NZD,42002.0,0.23,FY27 Q1,,
OPP-200525,ACC-3783,Marlow Systems,SMB,NZ,Mia Thompson,Lucas Ferreira,Add-on,Closed Won,Commit,2026-05-27,2026-08-07,72,33833,NZD,20300.0,1.0,FY27 Q1,,
OPP-200257,ACC-2216,Copperline Health,ENT,JP,Yuki Tanaka,Mei Lin,New Business,Negotiation,Commit,2026-06-30,2026-09-06,109,4107206,JPY,27929.0,0.76,FY27 Q1,,
OPP-200488,ACC-7842,Nimbus Labs,SMB,NZ,Ruby Callaghan,Lucas Ferreira,Renewal,Closed Won,Commit,2026-06-25,2026-10-04,114,23858,NZD,14315.0,1.0,FY27 Q1,,
OPP-200160,ACC-5276,Orbital Retail,ENT,AU,Hana Oyelaran,Priya Raman,Add-on,Qualification,Pipeline,2026-08-25,2026-10-24,53,21514,AUD,14199.0,0.36,FY27 Q1,,
OPP-200116,ACC-9693,Kestrel Systems,ENT,AU,Noel Adeyemi,Priya Raman,New Business,Proposal,Omitted,2026-02-23,2026-08-28,236,212873,AUD,140496.0,0.31,FY27 Q1,,
OPP-200287,ACC-5123,Lumen Health,ENT,JP,Amara Nwosu,Mei Lin,Renewal,Qualification,Best Case,2026-03-19,2026-09-04,212,13446618,JPY,91437.0,0.37,FY27 Q1,,
OPP-200351,ACC-3165,Meridian Foods,SMB,SG,Nadia Haddad,Tom Baker,New Business,Closed Lost,Budget/priority shift,2026-08-11,2026-09-18,67,35508,SGD,26276.0,0.0,FY27 Q1,,Budget/priority shift
OPP-200551,ACC-9219,Verdant Industries,SMB,NZ,Zara Iqbal,Lucas Ferreira,New Business,Closed Won,Commit,2026-09-26,2026-09-30,4,32980,NZD,19788.0,1.0,FY27 Q1,,
OPP-200306,ACC-6425,Orbital Networks,SMB,SG,Wei Zhang,Tom Baker,Renewal,Proposal,Pipeline,2026-06-27,2026-09-08,112,64507,SGD,47735.0,0.44,FY27 Q1,,
OPP-200494,ACC-7550,Foundry Health,SMB,NZ,Ruby Callaghan,Lucas Ferreira,New Business,Proposal,Best Case,2026-08-30,2026-10-22,48,40730,NZD,24438.0,0.32,FY27 Q1,,
OPP-200194,ACC-6328,Marlow Logistics,MME,IN,Sara Villanueva,Daniel Okafor,New Business,Qualification,Pipeline,2026-03-29,2026-10-04,202,3454667,INR,41456.0,0.33,FY27 Q1,,
OPP-200165,ACC-3054,Meridian Logistics,ENT,AU,Hana Oyelaran,Priya Raman,New Business,Proposal,Commit,2026-10-12,2026-10-23,5,84020,AUD,55453.0,0.58,FY27 Q1,,
OPP-200247,ACC-4129,Foundry Systems,ENT,JP,Kenji Sato,Mei Lin,New Business,Negotiation,Commit,2026-04-27,2026-09-27,173,7265735,JPY,49407.0,0.58,FY27 Q1,,
OPP-200493,ACC-7983,Sable Networks,SMB,NZ,Ruby Callaghan,Lucas Ferreira,Add-on,Closed Lost,Lost to competitor,2026-06-06,2026-08-14,133,22550,NZD,13530.0,0.0,FY27 Q1,,Lost to competitor
OPP-200114,ACC-6001,Lumen Systems,ENT,AU,Noel Adeyemi,Priya Raman,Add-on,Qualification,Omitted,2026-10-17,2026-10-26,0,224473,AUD,148152.0,0.25,FY27 Q1,,
OPP-200225,ACC-4083,Ironbark Retail,MME,IN,OPEN REQ (Grace Lim backfill pending),Daniel Okafor,Renewal,Closed Won,Commit,2026-08-19,2026-09-24,36,1435917,INR,17231.0,1.0,FY27 Q1,,
OPP-200555,ACC-3579,Ironbark Bank,SMB,NZ,Zara Iqbal,Lucas Ferreira,New Business,Closed Won,Commit,2026-07-15,2026-08-30,94,16147,NZD,16147.0,1.0,FY27 Q1,,
OPP-200427,ACC-9909,Solstice Retail,Acquisition,KR,Tobias Lang,Aisha Khan,Renewal,Negotiation,Commit,2026-02-21,2026-08-09,169,40701370,KRW,29712.0,0.84,FY27 Q1,,
OPP-200115,ACC-7832,Redwood Health,ENT,AU,Noel Adeyemi,Priya Raman,Add-on,Negotiation,Pipeline,2026-05-29,2026-09-21,115,157902,AUD,104215.0,0.49,FY27 Q1,,
OPP-200490,ACC-6048,Foundry Partners,SMB,NZ,Ruby Callaghan,Lucas Ferreira,Add-on,Closed Won,Commit,2026-05-17,2026-09-14,153,32093,NZD,19256.0,1.0,FY27 Q1,,
OPP-200430,ACC-3534,Redwood Partners,Acquisition,KR,Tobias Lang,Aisha Khan,New Business,Proposal,Pipeline,2026-03-06,2026-08-28,225,45369863,KRW,33120.0,0.5,FY27 Q1,,
OPP-200464,ACC-8876,Copperline Logistics,Acquisition,KR,Elena Marchetti,Aisha Khan,Renewal,Qualification,Pipeline,2026-06-08,2026-08-27,80,27130137,KRW,19805.0,0.37,FY27 Q1,,
OPP-200169,ACC-2128,Aurora Bank,MME,IN,Arjun Mehta,Daniel Okafor,New Business,Closed Won,Commit,2026-06-04,2026-09-05,135,2456500,INR,29478.0,1.0,FY27 Q1,,
OPP-200265,ACC-5508,Copperline Systems,ENT,JP,Yuki Tanaka,Mei Lin,Renewal,Negotiation,Pipeline,2026-09-30,2026-10-20,17,6876176,JPY,46758.0,0.8,FY27 Q1,,
OPP-200540,ACC-4108,Crestline Labs,SMB,NZ,Hugo Marais,Lucas Ferreira,New Business,Closed Won,Commit,2026-08-01,2026-10-07,77,11957,NZD,7174.0,1.0,FY27 Q1,,
OPP-200356,ACC-4284,Halcyon Networks,SMB,Singapore,Nadia Haddad,Tom Baker,Renewal,Proposal,Pipeline,2026-02-19,2026-08-26,240,23511,SGD,17398.0,0.42,FY27 Q1,,
OPP-200176,ACC-7319,Foundry Networks,MME,IN,Arjun Mehta,Daniel Okafor,Add-on,Proposal,Omitted,2026-07-23,2026-08-23,86,3132000,INR,37584.0,0.55,FY27 Q1,,
OPP-200346,ACC-3592,Verdant Energy,SMB,Singapore,Nadia Haddad,Tom Baker,New Business,Closed Won,Commit,2026-08-18,2026-08-20,2,21659,SGD,16028.0,1.0,FY27 Q1,,
OPP-200239,ACC-4191,Marlow Energy,ENT,JP,Kenji Sato,Mei Lin,New Business,Prospecting,Best Case,2026-07-16,2026-08-27,93,5136324,JPY,34927.0,0.07,FY27 Q1,,
OPP-200335,ACC-4108,Crestline Labs,SMB,SG,Oliver Grant,Tom Baker,Add-on,Closed Won,Commit,2026-09-05,2026-10-16,42,15685,SGD,11607.0,1.0,FY27 Q1,,
OPP-200245,ACC-1010,Northwind Retail,ENT,JP,Kenji Sato,Mei Lin,Renewal,Prospecting,Pipeline,2026-07-01,2026-09-27,108,4514118,JPY,30696.0,0.16,FY27 Q1,,
OPP-200212,ACC-5117,Northwind Systems,MME,IN,Leo Fischer,Daniel Okafor,New Business,Prospecting,Omitted,2026-08-29,2026-10-20,52,1981083,INR,23773.0,0.11,FY27 Q1,,
OPP-200442,ACC-2011,Kestrel Labs,Acquisition,KR,Ji-Woo Han,Aisha Khan,New Business,Prospecting,Best Case,2026-02-26,2026-08-12,233,52586301,KRW,38388.0,0.13,FY27 Q1,,
OPP-200234,ACC-7251,Kestrel Labs,ENT,JP,Kenji Sato,Mei Lin,New Business,Closed Won,Commit,2026-07-28,2026-09-25,81,2211324,JPY,15037.0,1.0,FY27 Q1,,
OPP-200502,ACC-5741,Tidewater Industries,SMB,NZ,Ruby Callaghan,Lucas Ferreira,Pilot,Qualification,Pipeline,2026-08-12,2026-10-30,66,81130,NZD,48678.0,0.28,FY27 Q1,,
OPP-200327,ACC-3307,Aurora Health,SMB,Singapore,Farah Aziz,Tom Baker,New Business,Negotiation,,2026-07-01,2026-08-02,108,32477,SGD,24033.0,0.48,FY27 Q1,,
OPP-200253,ACC-3210,Northwind Health,ENT,Japan,Yuki Tanaka,Mei Lin,New Business,Closed Won,Commit,2026-08-24,2026-09-29,54,5062353,JPY,34424.0,1.0,FY27 Q1,,
OPP-200365,ACC-5117,Northwind Systems,SMB,SG,Samuel Adeyemi,Tom Baker,New Business,Closed Won,Commit,2026-04-22,2026-09-29,160,18961,SGD,14031.0,1.0,FY27 Q1,,
OPP-200167,ACC-8902,Lumen Health,MME,IN,Arjun Mehta,Daniel Okafor,New Business,Closed Won,Commit,2026-07-01,2026-08-08,108,1102250,INR,13227.0,1.0,FY27 Q1,,
OPP-200343,ACC-8844,Sable Media,SMB,SG,Oliver Grant,Tom Baker,New Business,Prospecting,Best Case,2026-07-19,2026-09-06,90,33291,SGD,24635.0,0.19,FY27 Q1,,
OPP-200275,ACC-5940,Aurora Industries,ENT,JP,Diego Moreno,Mei Lin,New Business,Prospecting,,2026-06-08,2026-08-29,82,11792059,JPY,80186.0,0.17,FY27 Q1,,
OPP-200534,ACC-5940,Solstice Networks,SMB,NZ,Mia Thompson,Lucas Ferreira,New Business,Qualification,Best Case,2026-03-07,2026-08-23,169,29400,NZD,17640.0,0.35,FY27 Q1,,
OPP-200291,ACC-9882,Copperline Bank,ENT,JP,Amara Nwosu,Mei Lin,New Business,Proposal,Commit,2026-08-09,2026-10-26,78,13774118,JPY,93664.0,0.58,FY27 Q1,,
OPP-200426,ACC-8403,Lumen Labs,Acquisition,KR,Tobias Lang,Aisha Khan,New Business,Qualification,Best Case,2026-02-14,2026-08-04,171,29213699,KRW,21326.0,0.43,FY27 Q1,,
OPP-200221,ACC-4766,Meridian Labs,MME,IN,OPEN REQ (Nikhil Rao backfill pending),Daniel Okafor,New Business,Negotiation,Omitted,2026-03-08,2026-08-01,223,3973417,INR,47681.0,0.88,FY27 Q1,,
OPP-200376,ACC-3783,Marlow Systems,SMB,SG,Samuel Adeyemi,Tom Baker,Add-on,Negotiation,,2026-09-27,2026-10-21,24,18095,SGD,13390.0,0.78,FY27 Q1,,
OPP-200399,ACC-8645,Bluepeak Industries,Acquisition,KR,Clara Bianchi,Aisha Khan,New Business,Closed Won,Commit,2026-08-26,2026-10-05,52,17424658,KRW,12720.0,1.0,FY27 Q1,,
